theta_rad,theta_deg,A_observable,B_complement,G_coupling,A_plus_B
0.0,0.0,1.0,0.0,0.0,1.0
0.0015707963267948967,0.09000000000000001,0.999997532600929,2.4673990709169446e-06,2.4673929828587695e-06,1.0
0.0031415926535897933,0.18000000000000002,0.9999901304280686,9.869571931435076e-06,9.869474522984967e-06,1.0
0.00471238898038469,0.27,0.9999777935544749,2.220644552509664e-05,2.220595239887378e-05,1.0
0.006283185307179587,0.36000000000000004,0.999960522101908,3.947789809193986e-05,3.94763395875021e-05,0.9999999999999999
0.007853981633974483,0.45,0.9999383162408302,6.168375916970068e-05,6.167995428355536e-05,0.9999999999999999
0.00942477796076938,0.54,0.9999111761904046,8.88238095954951e-05,8.881591992634404e-05,1.0
0.010995574287564277,0.6300000000000001,0.9998791022184921,0.0001208977815079824,0.00012088316523440885,1.0
0.012566370614359173,0.7200000000000001,0.99984209464165,0.0001579053583500084,0.00015788042424781274,1.0
0.01413716694115407,0.81,0.9998001538251282,0.0001998461748717304,0.00019980623637811952,0.9999999999999999
0.015707963267948967,0.9,0.9997532801828658,0.00024671981713422146,0.0002466589464660547,1.0
0.017278759594743863,0.99,0.9997014741774863,0.00029852582251355624,0.0002984367048468488,0.9999999999999999
0.01884955592153876,1.08,0.9996447363202945,0.0003552636797053762,0.00035513746742325835,0.9999999999999999
0.020420352248333655,1.17,0.9995830671712701,0.00041693282872993733,0.0004167589957462646,1.0
0.021991148575128554,1.2600000000000002,0.9995164673390624,0.00048353266093763525,0.00048329885710344183,1.0
0.02356194490192345,1.35,0.999444937480985,0.0005550625190150136,0.0005547544246149983,1.0
0.025132741228718346,1.4400000000000002,0.9993684783030087,0.0006315216969912512,0.0006311228773374805,0.9999999999999999
0.026703537555513242,1.53,0.999287090559755,0.0007129094402451288,0.0007124012003751382,1.0
0.02827433388230814,1.62,0.9992007750544876,0.0007992249455124782,0.0007985861849989488,1.0
0.029845130209103038,1.7100000000000002,0.999109532639106,0.0008904673608941097,0.000889674428773292,1.0
0.031415926535897934,1.8,0.9990133642141359,0.000986635785864219,0.0009856623356902711,1.0
0.03298672286269283,1.8900000000000001,0.9989122707287207,0.001087729271279277,0.0010865461163116791,1.0
0.034557519189487726,1.98,0.9988062531806127,0.0011937468193873953,0.0011923217879185979,1.0
0.03612831551628262,2.07,0.9986953126161618,0.0013046873838381751,0.0013029851746686287,1.0
0.03769911184307752,2.16,0.9985794501303069,0.001420549869693034,0.0014185319077607492,1.0
0.039269908169872414,2.25,0.9984586668665639,0.001541333133436012,0.0015389574256077841,0.9999999999999999
0.04084070449666731,2.34,0.9983329640170149,0.001667035982985058,0.001664256974016491,0.9999999999999999
0.04241150082346221,2.43,0.9982023428222961,0.0017976571777037962,0.0017944256063752461,0.9999999999999999
0.04398229715025711,2.5200000000000005,0.9980668045715861,0.0019331954284137678,0.0019294581838493277,0.9999999999999999
0.045553093477052005,2.6100000000000003,0.9979263506025929,0.002073649397407157,0.00206934937558379,1.0
0.0471238898038469,2.7,0.9977809823015401,0.002219017698459994,0.0022140936589139155,1.0
0.0486946861306418,2.79,0.9976307011031541,0.0023692988968458343,0.002363685319583239,0.9999999999999999
0.05026548245743669,2.8800000000000003,0.99747550849065,0.0025244915093499214,0.0025181184519691415,1.0
0.05183627878423159,2.97,0.9973154059957162,0.0026845940042838244,0.0026773869593159877,1.0
0.053407075111026485,3.06,0.9971503951984996,0.002849604801500553,0.0028414845539758184,1.0000000000000002
0.05497787143782138,3.15,0.9969804777275898,0.003019522272410156,0.0030104047576565746,1.0
0.05654866776461628,3.24,0.9968056552600042,0.0031943447399957955,0.0031841409016778567,1.0
0.05811946409141117,3.33,0.9966259295211696,0.003374070478830294,0.0033626861272341795,0.9999999999999999
0.059690260418206076,3.4200000000000004,0.9964413022849069,0.0035586977150931683,0.0035460333856657594,1.0
0.06126105674500097,3.5100000000000002,0.9962517753734118,0.0037482246265881326,0.0037341754387367706,0.9999999999999999
0.06283185307179587,3.6,0.9960573506572389,0.003942649342761085,0.00392710485892111,1.0
0.06440264939859076,3.6900000000000004,0.9958580300552814,0.00414196994471857,0.0041248140296956184,1.0
0.06597344572538566,3.7800000000000002,0.9956538155347534,0.004346184465246716,0.004327295145840764,1.0000000000000002
0.06754424205218056,3.87,0.9954447091111694,0.004555290888830651,0.004534540213748788,1.0
0.06911503837897545,3.96,0.9952307128483256,0.00476928715167439,0.004746541051739264,1.0
0.07068583470577035,4.05,0.9950118288582787,0.004988171141721215,0.004963289290382114,0.9999999999999999
0.07225663103256524,4.14,0.9947880593013255,0.005211940698674513,0.005184776372828014,1.0
0.07382742735936014,4.23,0.9945594063859808,0.005440593614019095,0.005410993555146189,0.9999999999999999
0.07539822368615504,4.32,0.994325872368957,0.005674127631042996,0.00564193190666963,1.0
0.07696902001294993,4.41,0.9940874595551401,0.005912540444859749,0.005877582310347645,0.9999999999999999
0.07853981633974483,4.5,0.9938441702975689,0.0061558297024311365,0.006117935463105803,1.0
0.08011061266653972,4.59,0.9935960069974096,0.006403993002590402,0.006362981876213175,1.0
0.08168140899333462,4.68,0.993342972103934,0.006657027896065963,0.006612711875656962,0.9999999999999999
0.08325220532012952,4.77,0.9930850681144944,0.006914931885505575,0.006867115602524393,1.0
0.08482300164692443,4.86,0.992822297574499,0.007177702425500985,0.007126183013391942,1.0
0.08639379797371932,4.95,0.9925546630773869,0.007445336922613043,0.007389903880721817,1.0
0.08796459430051422,5.040000000000001,0.9922821672646027,0.007717832735397311,0.00765826779326574,1.0
0.08953539062730911,5.130000000000001,0.99200481282557,0.007995187174430131,0.00793126415647596,1.0
0.09110618695410401,5.220000000000001,0.9917226024976648,0.00827739750233516,0.008208882192923496,0.9999999999999999
0.0926769832808989,5.3100000000000005,0.9914355390661895,0.008564460933810393,0.008491110942723628,0.9999999999999999
0.0942477796076938,5.4,0.9911436253643443,0.00885637463565566,0.008777939263968575,1.0
0.0958185759344887,5.49,0.9908468642731995,0.009153135726800567,0.009069355833167335,1.0
0.0973893722612836,5.58,0.990545258721667,0.009454741278332957,0.009365349145692743,1.0
0.09896016858807849,5.67,0.9902388116864723,0.009761188313527798,0.009665907516235648,1.0000000000000002
0.10053096491487339,5.760000000000001,0.9899275261921234,0.010072473807876568,0.009971019079266208,1.0
0.10210176124166828,5.8500000000000005,0.9896114053108829,0.01038859468911711,0.010280671789502357,1.0
0.10367255756846318,5.94,0.989290452162736,0.010709547837263949,0.010594853422385303,1.0
0.10524335389525807,6.03,0.9889646699153609,0.011035330084639089,0.010913551574562148,1.0
0.10681415022205297,6.12,0.9886340617840967,0.01136593821590327,0.01123675366437554,1.0
0.10838494654884787,6.21,0.9882986310319124,0.011701368968087707,0.011564446932360382,1.0
0.10995574287564276,6.3,0.9879583809693737,0.0120416190306263,0.011896618441747558,1.0
0.11152653920243766,6.39,0.9876133149546117,0.012386685045388292,0.012233255078974646,1.0
0.11309733552923255,6.48,0.9872634363932885,0.012736563606711425,0.012574343554203619,0.9999999999999999
0.11466813185602745,6.57,0.9869087487385644,0.013091251261435552,0.012919870401845513,0.9999999999999999
0.11623892818282235,6.66,0.9865492554910632,0.013450744508936718,0.013269821981092026,0.9999999999999999
0.11780972450961726,6.750000000000001,0.9861849601988383,0.013815039801161702,0.01362418447645402,1.0
0.11938052083641215,6.840000000000001,0.985815866457337,0.014184133542663034,0.013982943898306935,1.0
0.12095131716320705,6.930000000000001,0.9854419779093654,0.014558022090634502,0.014346086083443099,0.9999999999999999
0.12252211349000194,7.0200000000000005,0.9850632982450529,0.01493670175494708,0.014713596695630842,1.0
0.12409290981679684,7.11,0.9846798312018147,0.01532016879818536,0.015085461226180468,1.0
0.12566370614359174,7.2,0.9842915805643156,0.015708419435684445,0.015461664994517057,1.0
0.12723450247038662,7.29,0.9838985501644328,0.016101449835567265,0.015842193148759978,1.0
0.12880529879718153,7.380000000000001,0.9835007438812177,0.016499256118782477,0.0162270306663093,1.0000000000000002
0.1303760951239764,7.47,0.9830981656408574,0.016901834359142637,0.016616162354438743,1.0
0.13194689145077132,7.5600000000000005,0.9826908194166369,0.01730918058336306,0.017009572850895587,1.0
0.1335176877775662,7.6499999999999995,0.9822787092288991,0.017721290771100948,0.01740724662450704,1.0
0.1350884841043611,7.74,0.9818618391450048,0.018138160854995145,0.017809167975793464,1.0
0.13665928043115602,7.830000000000001,0.9814402132792936,0.01855978672070621,0.018215321037588106,0.9999999999999999
0.1382300767579509,7.92,0.9810138357930429,0.01898616420695706,0.01862568977566352,1.0
0.1398008730847458,8.010000000000002,0.980582710894426,0.019417289105574047,0.019040257989364602,1.0
0.1413716694115407,8.1,0.9801468428384714,0.019853157161528464,0.019459009312248112,0.9999999999999999
0.1429424657383356,8.190000000000001,0.9797062359270213,0.020293764072978587,0.01988192721272887,0.9999999999999999
0.1445132620651305,8.28,0.9792608945086879,0.020739105491312058,0.020308994994732286,1.0
0.1460840583919254,8.370000000000001,0.9788108229788112,0.021189177021188884,0.020740195798353605,1.0
0.14765485471872028,8.46,0.9783560257794152,0.021643974220584755,0.021175512600523416,0.9999999999999999
0.1492256510455152,8.55,0.9778965073991651,0.02210349260083494,0.021614928215679775,1.0
0.15079644737231007,8.64,0.9774322723733215,0.022567727626678524,0.022058425296446575,1.0
0.15236724369910498,8.73,0.9769633252836969,0.02303667471630323,0.022505986334318467,1.0000000000000002
0.15393804002589986,8.82,0.9764896707586095,0.02351032924139059,0.022957593660352008,1.0
0.15550883635269477,8.91,0.9760113134728382,0.02398868652716169,0.02341322944586326,0.9999999999999999
0.15707963267948966,9.0,0.9755282581475768,0.024471741852423214,0.023872875703131572,1.0
0.15865042900628457,9.09,0.9750405095503859,0.02495949044961414,0.02433651428610976,1.0
0.16022122533307945,9.18,0.9745480724951472,0.025451927504852704,0.024804126891140425,0.9999999999999999
0.16179202165987436,9.270000000000001,0.974050951842016,0.025949048157983996,0.025275695057678623,1.0
0.16336281798666924,9.36,0.9735491524973721,0.026450847502627852,0.025751200169020577,0.9999999999999999
0.16493361431346415,9.450000000000001,0.9730426794137725,0.026957320586227344,0.026230623453038705,0.9999999999999999
0.16650441064025903,9.54,0.9725315375899024,0.02746846241009758,0.026713945982922635,1.0
0.16807520696705394,9.63,0.9720157320705248,0.027984267929475132,0.02720114867792648,1.0
0.16964600329384885,9.72,0.9714952679464323,0.028504732053567773,0.02769221230412208,1.0
0.17121679962064373,9.81,0.9709701503543953,0.029029849645604688,0.02818711747515827,1.0
0.17278759594743864,9.9,0.9704403844771127,0.029559615522887266,0.028685844653026347,0.9999999999999999
0.17435839227423353,9.99,0.9699059755431598,0.030094024456840163,0.02918837414883127,1.0
0.17592918860102844,10.080000000000002,0.969366928826937,0.030633071173062965,0.02969468612356902,1.0
0.17749998492782332,10.17,0.9688232496486179,0.031176750351382176,0.03020476058890977,1.0
0.17907078125461823,10.260000000000002,0.968274943374096,0.03172505662590383,0.030718577407987023,0.9999999999999999
0.1806415775814131,10.35,0.9677220154149337,0.03227798458506633,0.031236116296192554,1.0
0.18221237390820802,10.440000000000001,0.9671644712283061,0.032835528771693975,0.03175735682197724,1.0
0.1837831702350029,10.53,0.9666023163169493,0.03339768368305071,0.0322822784076576,1.0
0.1853539665617978,10.620000000000001,0.9660355562291054,0.03396444377089452,0.03281086033022826,0.9999999999999999
0.1869247628885927,10.71,0.9654641965584678,0.03453580344153214,0.03334308172218,1.0
0.1884955592153876,10.8,0.9648882429441258,0.0351117570558743,0.03387892157232356,1.0
0.19006635554218249,10.89,0.9643077010705086,0.035692298929491335,0.034418358726619164,0.9999999999999999
0.1916371518689774,10.98,0.9637225766673307,0.03627742333266934,0.03496137188901164,1.0
0.19320794819577228,11.07,0.9631328755095334,0.03686712449046667,0.035507939622271105,1.0
0.1947787445225672,11.16,0.9625386034172291,0.03746139658277098,0.03605804034883933,1.0
0.19634954084936207,11.25,0.9619397662556434,0.03806023374435662,0.03661165235168155,1.0
0.19792033717615698,11.34,0.9613363699350574,0.03866363006494259,0.03716875377514386,1.0
0.19949113350295186,11.43,0.9607284204107491,0.03927157958925077,0.03772932262581591,0.9999999999999999
0.20106192982974677,11.520000000000001,0.9601159236829352,0.03988407631706484,0.03829333677339938,1.0
0.20263272615654168,11.610000000000001,0.9594988857967107,0.04050111420328933,0.03886077395158145,1.0
0.20420352248333656,11.700000000000001,0.9588773128419905,0.04112268715800943,0.039431611758913916,1.0
0.20577431881013147,11.790000000000001,0.958251210953449,0.04174878904655102,0.0400058276596976,1.0
0.20734511513692636,11.88,0.9576205863104588,0.04237941368954122,0.04058339898487195,1.0
0.20891591146372127,11.97,0.9569854451370307,0.04301455486296941,0.041164302932910006,1.0
0.21048670779051615,12.06,0.9563457937017514,0.04365420629824859,0.04174851657071855,1.0
0.21205750411731106,12.15,0.9557016383177227,0.04429836168227738,0.04233601683454352,1.0
0.21362830044410594,12.24,0.9550529853424978,0.04494701465750215,0.042926780530880435,1.0
0.21519909677090085,12.330000000000002,0.9543998411780201,0.04560015882197996,0.043520784337390164,1.0
0.21676989309769573,12.42,0.9537422122705584,0.04625778772944153,0.04411800480381946,1.0
0.21834068942449064,12.510000000000002,0.953080105110645,0.046919894889355086,0.04471841835292696,1.0
0.21991148575128552,12.6,0.9524135262330098,0.04758647376699023,0.04532200128141378,1.0
0.22148228207808043,12.690000000000001,0.9517424822165175,0.04825751778348258,0.04592872976085944,1.0
0.22305307840487532,12.78,0.9510669796841014,0.04893302031589858,0.046538579838662435,1.0
0.22462387473167023,12.870000000000001,0.950387025302699,0.04961297469730097,0.04715152743898594,1.0
0.2261946710584651,12.96,0.9497026257831854,0.050297374216814475,0.047767548363708195,0.9999999999999999
0.22776546738526002,13.05,0.9490137878803079,0.05098621211969219,0.048386618293377946,1.0
0.2293362637120549,13.14,0.9483205183926179,0.05167948160738207,0.04900871278817432,1.0
0.2309070600388498,13.23,0.9476228241624057,0.05237717583759418,0.049633807288871915,0.9999999999999999
0.2324778563656447,13.32,0.9469207120756318,0.053079287924368106,0.050261877117810126,0.9999999999999999
0.2340486526924396,13.41,0.9462141890618588,0.053785810938141054,0.050892897479867596,0.9999999999999999
0.2356194490192345,13.500000000000002,0.9455032620941839,0.05449673790581607,0.05152684346344086,1.0
0.2371902453460294,13.59,0.944787938189169,0.05521206181083101,0.052163690041427985,1.0
0.2387610416728243,13.680000000000001,0.9440682244067723,0.05593177559322775,0.05280341207221656,1.0
0.24033183799961919,13.770000000000001,0.9433441278502783,0.05665587214972176,0.053445984300676146,1.0
0.2419026343264141,13.860000000000001,0.9426156556662276,0.0573843443337724,0.05409138135915545,1.0
0.24347343065320898,13.950000000000001,0.9418828150443467,0.05811718495565328,0.05473957776848366,1.0
0.2450442269800039,14.040000000000001,0.9411456132174766,0.05885438678252336,0.0553905479389765,1.0
0.24661502330679877,14.13,0.9404040574615017,0.0595959425384982,0.056044266171446214,0.9999999999999999
0.24818581963359368,14.22,0.9396581550952781,0.06034184490472187,0.05670070665821636,0.9999999999999999
0.24975661596038856,14.31,0.9389079134805609,0.06109208651943917,0.057359843484140534,1.0
0.25132741228718347,14.4,0.9381533400219317,0.06184665997806821,0.05802165062762542,1.0
0.2528982086139784,14.490000000000002,0.9373944421667263,0.06260555783327362,0.05868610196165825,0.9999999999999999
0.25446900494077324,14.58,0.9366312274049601,0.06336877259503991,0.05935317125483803,1.0
0.25603980126756815,14.67,0.9358637032692544,0.06413629673074556,0.06002283217241131,1.0
0.25761059759436306,14.760000000000002,0.9350918773347627,0.06490812266523716,0.06069505827731168,0.9999999999999999
0.25918139392115797,14.850000000000001,0.9343157572190955,0.06568424278090439,0.06136982303120359,0.9999999999999999
0.2607521902479528,14.94,0.9335353505822451,0.06646464941775497,0.0620470997955299,1.0
0.26232298657474773,15.03,0.9327506651265096,0.06724933487349051,0.06272686183256365,1.0000000000000002
0.26389378290154264,15.120000000000001,0.9319617085964177,0.06803829140358235,0.06340908230646357,1.0
0.26546457922833755,15.21,0.931168488778652,0.06883151122134802,0.06409373428433346,1.0
0.2670353755551324,15.299999999999999,0.9303710135019718,0.06962898649802816,0.06478079073728557,1.0
0.2686061718819273,15.39,0.9295692906371361,0.07043070936286379,0.0654702245415076,0.9999999999999999
0.2701769682087222,15.48,0.9287633280968262,0.07123667190317387,0.06616200847933343,1.0
0.27174776453551713,15.570000000000002,0.9279531338355664,0.0720468661644335,0.0668561152403177,0.9999999999999999
0.27331856086231204,15.660000000000002,0.9271387158496477,0.07286128415035244,0.06755251742231405,1.0000000000000002
0.2748893571891069,15.75,0.9263200821770461,0.0736799178229539,0.06825118753255666,1.0
0.2764601535159018,15.84,0.925497240897346,0.07450275910265407,0.06895209798874596,1.0
0.2780309498426967,15.930000000000001,0.9246702001316581,0.07532979986834175,0.06965522112013732,0.9999999999999999
0.2796017461694916,16.020000000000003,0.9238389680425416,0.0761610319574584,0.07036052916863339,1.0
0.2811725424962865,16.11,0.9230035528339211,0.0769964471660789,0.07106799428988012,1.0
0.2827433388230814,16.2,0.9221639627510075,0.07783603724899248,0.07177758855436593,1.0
0.2843141351498763,16.290000000000003,0.9213202060802161,0.07867979391978389,0.07248928394852423,1.0
0.2858849314766712,16.380000000000003,0.9204722911490846,0.07952770885091548,0.0732030523758395,1.0
0.28745572780346607,16.47,0.9196202263261909,0.08037977367380916,0.07391886565795638,1.0
0.289026524130261,16.56,0.9187640200210707,0.08123597997892913,0.07463669553579215,0.9999999999999999
0.2905973204570559,16.650000000000002,0.9179036806841352,0.08209631931586488,0.07535651367065244,1.0
0.2921681167838508,16.740000000000002,0.9170392168065856,0.08296078319341442,0.07607829164534971,1.0
0.29373891311064565,16.83,0.9161706369203318,0.08382936307966828,0.07680200096532544,1.0000000000000002
0.29530970943744056,16.92,0.9152979495979062,0.08470205040209366,0.07752761305977483,0.9999999999999999
0.29688050576423547,17.01,0.914421163452381,0.08557883654761905,0.07825509928277496,1.0
0.2984513020910304,17.1,0.9135402871372809,0.08645971286271911,0.07898443091441527,1.0
0.30002209841782523,17.189999999999998,0.9126553293464998,0.0873446706535002,0.07971557916193178,1.0
0.30159289474462014,17.28,0.9117662988142137,0.08823370118578629,0.08044851516084366,1.0
0.30316369107141505,17.37,0.910873204314795,0.08912679568520486,0.0811832099760926,0.9999999999999999
0.30473448739820996,17.46,0.9099760546627261,0.09002394533727384,0.08191963460318537,1.0
0.3063052837250049,17.55,0.9090748587125116,0.09092514128748831,0.08265775996933859,0.9999999999999999
0.3078760800517997,17.64,0.908169625358592,0.091830374641408,0.08339755693462665,1.0
0.30944687637859464,17.73,0.9072603635352547,0.09273963646474533,0.0841389962931322,1.0
0.31101767270538955,17.82,0.906347082216547,0.09365291778345305,0.08488204877409884,1.0
0.31258846903218446,17.910000000000004,0.9054297904161867,0.09457020958381329,0.08562668504308692,1.0
0.3141592653589793,18.0,0.9045084971874736,0.09549150281252627,0.08637287570313155,0.9999999999999999
0.3157300616857742,18.09,0.9035832116232002,0.09641678837679986,0.08712059129590326,1.0
0.31730085801256913,18.18,0.9026539428555609,0.09734605714443903,0.08786980230287063,0.9999999999999999
0.31887165433936404,18.270000000000003,0.9017207000560639,0.0982792999439362,0.08862047914646602,1.0
0.3204424506661589,18.36,0.9007834924354383,0.0992165075645617,0.08937259219125297,1.0
0.3220132469929538,18.45,0.8998423292435452,0.10015767075645475,0.09012611174509635,1.0
0.3235840433197487,18.540000000000003,0.8988972197692855,0.10110278023071452,0.09088100806033436,1.0
0.3251548396465436,18.630000000000003,0.8979481733405079,0.1020518266594921,0.09163725133495308,1.0
0.3267256359733385,18.72,0.8969951993239178,0.10300480067608234,0.0923948117137629,1.0000000000000002
0.3282964323001334,18.81,0.8960383071249836,0.10396169287501648,0.09315365928957724,1.0
0.3298672286269283,18.900000000000002,0.8950775061878451,0.10492249381215481,0.09391376410439313,0.9999999999999999
0.3314380249537232,18.990000000000002,0.89411280599522,0.10588719400477999,0.09467509615057407,1.0
0.33300882128051806,19.08,0.8931442160683094,0.10685578393169054,0.0954376253720344,1.0
0.334579617607313,19.17,0.8921717459667051,0.10782825403329498,0.09620132166542619,1.0
0.3361504139341079,19.26,0.8911954052882941,0.10880459471170595,0.09696615488132737,1.0
0.3377212102609028,19.35,0.890215203669165,0.10978479633083514,0.0977320948254322,1.0
0.3392920065876977,19.44,0.8892311507835116,0.11076884921648832,0.09849911125974317,0.9999999999999999
0.34086280291449256,19.53,0.8882432563435394,0.11175674365646068,0.09926717390376483,1.0
0.34243359924128747,19.62,0.887251530099367,0.11274846990063309,0.10003625243569912,1.0
0.3440043955680824,19.71,0.8862559818389321,0.1137440181610678,0.10080631649364247,0.9999999999999999
0.3455751918948773,19.8,0.8852566213878946,0.11474337861210542,0.10157733567678445,1.0
0.34714598822167214,19.89,0.8842534586095383,0.11574654139046169,0.10234927954660783,1.0
0.34871678454846705,19.98,0.8832465034046749,0.11675349659532507,0.10312211762809048,1.0
0.35028758087526196,20.07,0.8822357657115458,0.11776423428845421,0.10389581941090828,1.0
0.35185837720205687,20.160000000000004,0.8812212555057239,0.11877874449427607,0.10467035435063955,1.0
0.3534291735288517,20.25,0.8802029828000155,0.11979701719998452,0.10544569186997114,1.0
0.35499996985564664,20.34,0.8791809576443609,0.12081904235563908,0.10622180135990536,1.0
0.35657076618244155,20.43,0.8781551901257361,0.12184480987426405,0.1069986521809685,1.0
0.35814156250923646,20.520000000000003,0.8771256903680518,0.1228743096319481,0.10777621366442024,0.9999999999999999
0.3597123588360313,20.61,0.8760924685320558,0.1239075314679443,0.1085544551134647,1.0
0.3612831551628262,20.7,0.8750555348152299,0.12494446518477025,0.109333345804462,1.0000000000000002
0.36285395148962113,20.790000000000003,0.8740148994516912,0.12598510054830875,0.11011285498814127,1.0
0.36442474781641604,20.880000000000003,0.872970572712091,0.12702942728790897,0.11089295189081481,1.0
0.3659955441432109,20.97,0.8719225649035125,0.12807743509648747,0.11167360571559251,1.0
0.3675663404700058,21.06,0.8708708863693697,0.12912911363063037,0.11245478564359813,1.0
0.3691371367968007,21.150000000000002,0.8698155474893048,0.13018445251069516,0.11323646083518571,1.0
0.3707079331235956,21.240000000000002,0.868756558679087,0.13124344132091306,0.11401860043115712,1.0
0.37227872945039053,21.330000000000002,0.8676939303905079,0.1323060696094921,0.11480117355398033,1.0
0.3738495257771854,21.42,0.8666276731112801,0.13337232688872,0.11558414930900843,1.0
0.3754203221039803,21.51,0.865557797364932,0.13444220263506795,0.11636749678569927,1.0
0.3769911184307752,21.6,0.8644843137107057,0.13551568628929425,0.11715118505883583,0.9999999999999999
0.3785619147575701,21.69,0.8634072327434514,0.1365927672565486,0.11793518318974694,1.0
0.38013271108436497,21.78,0.8623265650935233,0.13767343490647668,0.11871946022752881,1.0
0.3817035074111599,21.87,0.8612423214266749,0.13875767857332508,0.11950398521026688,1.0
0.3832743037379548,21.96,0.8601545124439534,0.13984548755604656,0.12028872716625817,0.9999999999999999
0.3848451000647497,22.05,0.8590631488815944,0.1409368511184056,0.12107365511523396,1.0
0.38641589639154456,22.14,0.8579682415109154,0.1420317584890844,0.12185873806958278,0.9999999999999998
0.38798669271833947,22.23,0.8568698011382107,0.14313019886178935,0.12264394503557398,1.0
0.3895574890451344,22.32,0.8557678386046427,0.14423216139535733,0.12342924501458093,1.0
0.3911282853719293,22.410000000000004,0.8546623647861368,0.1453376352138631,0.12421460700430513,0.9999999999999999
0.39269908169872414,22.5,0.8535533905932737,0.14644660940672624,0.125,1.0
0.39426987802551905,22.59,0.8524409269711807,0.14755907302881927,0.12578539299569483,1.0
0.39584067435231396,22.68,0.8513249848994245,0.1486750151005754,0.12657075498541906,1.0
0.39741147067910887,22.770000000000003,0.8502055753919031,0.14979442460809686,0.12735605496442604,1.0
0.3989822670059037,22.86,0.8490827094967364,0.15091729050326363,0.12814126193041717,1.0
0.40055306333269863,22.95,0.8479563982961572,0.15204360170384282,0.12892634488476604,1.0
0.40212385965949354,23.040000000000003,0.8468266529064026,0.15317334709359753,0.12971127283374184,1.0
0.40369465598628845,23.130000000000003,0.8456934844776032,0.1543065155223968,0.1304960147897331,1.0
0.40526545231308336,23.220000000000002,0.8445569041936742,0.1554430958063258,0.13128053977247123,1.0
0.4068362486398782,23.31,0.8434169232722042,0.15658307672779587,0.13206481681025306,1.0
0.4084070449666731,23.400000000000002,0.8422735529643444,0.15772644703565566,0.13284881494116418,1.0
0.40997784129346804,23.490000000000002,0.8411268045546982,0.15887319544530182,0.13363250321430076,1.0
0.41154863762026295,23.580000000000002,0.8399766893612095,0.16002331063879044,0.1344158506909916,1.0
0.4131194339470578,23.67,0.8388232187350511,0.16117678126494886,0.1351988264460197,0.9999999999999999
0.4146902302738527,23.76,0.8376664040605122,0.16233359593948776,0.13598139956884286,1.0
0.4162610266006476,23.85,0.8365062567548868,0.16349374324511332,0.1367635391648143,1.0
0.41783182292744253,23.94,0.8353427882683601,0.16465721173164,0.13754521435640188,1.0
0.4194026192542374,24.03,0.8341760100838965,0.16582398991610348,0.1383263942844075,1.0
0.4209734155810323,24.12,0.8330059337171257,0.1669940662828742,0.1391070481091852,0.9999999999999999
0.4225442119078272,24.21,0.8318325707162292,0.16816742928377076,0.13988714501185873,1.0
0.4241150082346221,24.3,0.830655932661826,0.1693440673381741,0.14066665419553806,1.0
0.42568580456141697,24.39,0.8294760311668584,0.17052396883314153,0.1414455448865353,1.0
0.4272566008882119,24.48,0.8282928778764782,0.1717071221235218,0.14222378633557978,1.0
0.4288273972150068,24.57,0.8271064844679304,0.17289351553206944,0.14300134781903148,0.9999999999999999
0.4303981935418017,24.660000000000004,0.8259168626504395,0.17408313734956063,0.14377819864009467,1.0000000000000002
0.43196898986859655,24.75,0.8247240241650917,0.17527597583490817,0.14455430813002884,0.9999999999999999
0.43353978619539146,24.84,0.8235279807847221,0.17647201921527783,0.14532964564936043,1.0
0.4351105825221864,24.93,0.8223287443137958,0.17767125568620434,0.14610418058909178,1.0
0.4366813788489813,25.020000000000003,0.8211263265882921,0.17887367341170785,0.14687788237190952,1.0
0.4382521751757762,25.110000000000003,0.8199207394755893,0.1800792605244108,0.1476507204533922,1.0
0.43982297150257105,25.2,0.818711994874345,0.18128800512565516,0.1484226643232156,1.0000000000000002
0.44139376782936596,25.290000000000003,0.8175001047143804,0.1824998952856197,0.14919368350635756,1.0
0.44296456415616087,25.380000000000003,0.8162850809565623,0.1837149190434378,0.14996374756430092,1.0
0.4445353604829558,25.470000000000002,0.8150669355926845,0.1849330644073155,0.1507328260962352,1.0
0.44610615680975063,25.56,0.8138456806453502,0.18615431935464974,0.1515008887402568,1.0
0.44767695313654554,25.650000000000002,0.8126213281678526,0.18737867183214743,0.15226790517456784,1.0
0.44924774946334045,25.740000000000002,0.8113938902440562,0.18860610975594377,0.15303384511867266,1.0
0.45081854579013536,25.830000000000002,0.810163378988278,0.18983662101172202,0.15379867833457384,1.0
0.4523893421169302,25.92,0.8089298065451672,0.1910701934548328,0.15456237462796557,1.0
0.4539601384437251,26.01,0.8076931850895859,0.19230681491041426,0.15532490384942596,1.0000000000000002
0.45553093477052004,26.1,0.8064535268264883,0.19354647317351176,0.15608623589560686,1.0
0.45710173109731495,26.19,0.8052108439908012,0.19478915600919877,0.1568463407104228,1.0
0.4586725274241098,26.28,0.8039651488473027,0.19603485115269728,0.1576051882862371,1.0
0.4602433237509047,26.37,0.8027164536905007,0.1972835463094993,0.15836274866504693,1.0
0.4618141200776996,26.46,0.8014647708445124,0.19853522915548763,0.15911899193966564,1.0
0.46338491640449453,26.55,0.8002101126629421,0.19978988733705802,0.1598738882549037,1.0
0.4649557127312894,26.64,0.7989524915287595,0.20104750847124053,0.16062740780874699,1.0
0.4665265090580843,26.73,0.7976919198541775,0.20230808014582255,0.16137952085353402,1.0
0.4680973053848792,26.82,0.7964284100805296,0.2035715899194704,0.16213019769712939,1.0
0.4696681017116741,26.910000000000004,0.7951619746781473,0.20483802532185272,0.16287940870409676,1.0
0.471238898038469,27.000000000000004,0.7938926261462367,0.20610737385376346,0.16362712429686846,1.0000000000000002
0.4728096943652639,27.09,0.7926203770127551,0.20737962298724494,0.1643733149569131,1.0
0.4743804906920588,27.18,0.7913452398342882,0.20865476016571194,0.1651179512259012,1.0
0.4759512870188537,27.270000000000003,0.7900672271959246,0.20993277280407532,0.1658610037068678,0.9999999999999999
0.4775220833456486,27.360000000000003,0.7887863517111338,0.2112136482888662,0.16660244306537333,1.0
0.47909287967244346,27.45,0.7875026260216393,0.21249737397836074,0.16734224003066145,1.0
0.48066367599923837,27.540000000000003,0.7862160627972955,0.21378393720270458,0.16808036539681467,1.0
0.4822344723260333,27.630000000000003,0.7849266747359619,0.21507332526403816,0.16881679002390743,1.0
0.4838052686528282,27.720000000000002,0.7836344745633783,0.21636552543662177,0.16955148483915636,1.0
0.48537606497962305,27.81,0.7823394750330386,0.21766052496696145,0.17028442083806822,1.0
0.48694686130641796,27.900000000000002,0.7810416889260654,0.2189583110739347,0.17101556908558477,1.0
0.48851765763321287,27.990000000000002,0.7797411290510836,0.22025887094891652,0.1717449007172251,1.0000000000000002
0.4900884539600078,28.080000000000002,0.778437808244094,0.221562191755906,0.17247238694022515,1.0
0.49165925028680263,28.17,0.777131739368347,0.22286826063165296,0.17319799903467456,1.0
0.49323004661359754,28.26,0.7758229353142151,0.22417706468578485,0.17392170835465026,1.0
0.49480084294039245,28.35,0.7745114089990659,0.22548859100093413,0.1746434863293476,1.0
0.49637163926718736,28.44,0.7731971733671344,0.22680282663286547,0.1753633044642078,0.9999999999999999
0.4979424355939822,28.53,0.7718802413893963,0.22811975861060374,0.17608113434204362,1.0
0.4995132319207771,28.62,0.770560626063438,0.22943937393656205,0.1767969476241605,1.0
0.501084028247572,28.71,0.7692383404133302,0.23076165958666991,0.1775107160514758,1.0
0.5026548245743669,28.8,0.7679133974894983,0.23208660251050173,0.1782224114456341,1.0
0.5042256209011619,28.890000000000004,0.7665858103685943,0.23341418963140576,0.1789320057101199,1.0
0.5057964172279568,28.980000000000004,0.765255592153367,0.234744407846633,0.17963947083136664,1.0
0.5073672135547517,29.070000000000004,0.7639227559725331,0.23607724402746688,0.18034477887986272,1.0
0.5089380098815465,29.16,0.7625873149806478,0.23741268501935212,0.181047902011254,0.9999999999999999
0.5105088062083414,29.25,0.7612492823579745,0.23875071764202552,0.18174881246744332,1.0
0.5120796025351363,29.34,0.7599086713103548,0.24009132868964522,0.18244748257768598,1.0
0.5136503988619312,29.43,0.7585654950690786,0.2414345049309214,0.18314388475968227,1.0
0.5152211951887261,29.520000000000003,0.7572197668907533,0.24278023310924676,0.18383799152066657,1.0
0.516791991515521,29.610000000000003,0.7558715000571724,0.2441284999428276,0.18452977545849242,1.0
0.5183627878423159,29.700000000000003,0.7545207078751855,0.24547929212481442,0.18521920926271443,1.0
0.5199335841691108,29.790000000000003,0.7531674036765663,0.2468325963234338,0.1859062657156666,1.0
0.5215043804959056,29.88,0.7518116008178803,0.24818839918211952,0.1865909176935364,0.9999999999999999
0.5230751768227005,29.97,0.750453312680355,0.24954668731964502,0.18727313816743635,1.0
0.5246459731494955,30.06,0.7490925526697455,0.25090744733025455,0.1879529002044701,1.0
0.5262167694762904,30.150000000000002,0.7477293342162038,0.25227066578379626,0.18863017696879644,1.0
0.5277875658030853,30.240000000000002,0.7463636707741457,0.25363632922585416,0.18930494172268825,0.9999999999999998
0.5293583621298802,30.330000000000002,0.7449955758221183,0.25500442417788177,0.18997716782758872,1.0
0.5309291584566751,30.42,0.7436250628626662,0.25637493713733384,0.19064682874516195,1.0
0.53249995478347,30.510000000000005,0.742252145422199,0.25774785457780114,0.19131389803834184,1.0
0.5340707511102648,30.599999999999998,0.7408768370508576,0.2591231629491424,0.1919783493723746,1.0
0.5356415474370597,30.689999999999998,0.7394991513223806,0.2605008486776194,0.19264015651585945,1.0
0.5372123437638546,30.78,0.7381191018339697,0.26188089816603044,0.19329929334178367,1.0
0.5387831400906495,30.87,0.7367367022061562,0.2632632977938439,0.19395573382855377,1.0
0.5403539364174444,30.96,0.7353519660826662,0.26464803391733366,0.19460945206102342,0.9999999999999998
0.5419247327442394,31.05,0.7339649071302867,0.2660350928697134,0.19526042223151638,1.0
0.5434955290710343,31.140000000000004,0.7325755390387292,0.26742446096127087,0.1959086186408446,1.0
0.5450663253978292,31.230000000000004,0.7311838755204959,0.26881612447950415,0.1965540156993239,1.0
0.5466371217246241,31.320000000000004,0.7297899303107439,0.27021006968925615,0.1971965879277835,1.0
0.5482079180514189,31.41,0.7283937171671497,0.2716062828328502,0.19783630995857196,1.0
0.5497787143782138,31.5,0.7269952498697734,0.2730047501302265,0.19847315653655906,0.9999999999999999
0.5513495107050087,31.59,0.7255945422209226,0.27440545777907743,0.1991071025201324,1.0
0.5529203070318036,31.68,0.7241916080450161,0.27580839195498386,0.19973812288218984,1.0
0.5544911033585985,31.770000000000003,0.7227864611884481,0.2772135388115518,0.20036619271112804,1.0
0.5560618996853934,31.860000000000003,0.7213791155194508,0.2786208844805493,0.20099128721182571,1.0
0.5576326960121883,31.950000000000003,0.7199695849279576,0.2800304150720425,0.20161338170662213,1.0
0.5592034923389833,32.040000000000006,0.7185578833254664,0.28144211667453356,0.2022324516362918,1.0
0.560774288665778,32.129999999999995,0.7171440246449025,0.2828559753550976,0.20284847256101404,1.0
0.562345084992573,32.22,0.7157280228404795,0.28427197715952046,0.20346142016133753,1.0
0.5639158813193679,32.31,0.7143098918875642,0.2856901081124358,0.20407127023914054,1.0
0.5654866776461628,32.4,0.7128896457825363,0.2871103542174637,0.20467799871858625,1.0
0.5670574739729577,32.49,0.7114672985426516,0.2885327014573484,0.20528158164707302,1.0
0.5686282702997526,32.580000000000005,0.710042864205903,0.28995713579409693,0.20588199519618056,1.0
0.5701990666265475,32.67,0.7086163568308826,0.29138364316911747,0.20647921566260993,1.0
0.5717698629533424,32.760000000000005,0.707187790496642,0.292812209503358,0.2070732194691196,1.0
0.5733406592801373,32.85,0.7057571793025542,0.2942428206974456,0.20766398316545645,0.9999999999999998
0.5749114556069321,32.94,0.7043245373681745,0.29567546263182537,0.20825148342928135,0.9999999999999998
0.576482251933727,33.03,0.7028898788331,0.2971101211669,0.20883569706709,1.0
0.578053048260522,33.12,0.7014532178568315,0.2985467821431687,0.20941660101512813,1.0000000000000002
0.5796238445873169,33.21,0.7000145686186324,0.29998543138136763,0.20999417234030243,1.0
0.5811946409141118,33.300000000000004,0.6985739453173904,0.30142605468260975,0.21056838824108615,1.0
0.5827654372409067,33.39,0.6971313621714754,0.3028686378285246,0.2111392260484186,1.0
0.5843362335677016,33.480000000000004,0.6956868334186012,0.30431316658139884,0.21170666322660064,1.0
0.5859070298944965,33.57000000000001,0.694240373315683,0.30575962668431694,0.21227067737418406,1.0
0.5874778262212913,33.66,0.6927919961386984,0.30720800386130165,0.2128312462248561,1.0
0.5890486225480862,33.75,0.6913417161825449,0.3086582838174551,0.21338834764831843,1.0
0.5906194188748811,33.84,0.6898895477609006,0.3101104522390994,0.21394195965116064,1.0
0.592190215201676,33.93,0.6884355052060813,0.3115644947939187,0.2144920603777289,1.0
0.5937610115284709,34.02,0.6869796028689001,0.3130203971310998,0.21503862811098834,1.0
0.5953318078552658,34.11,0.6855218551185255,0.3144781448814746,0.2155816412733809,1.0
0.5969026041820608,34.2,0.684062276342339,0.315937723657661,0.21612107842767642,1.0
0.5984734005088557,34.290000000000006,0.6826008809457937,0.31739911905420615,0.21665691827782,0.9999999999999999
0.6000441968356505,34.379999999999995,0.6811376833522729,0.31886231664772713,0.21718913966977174,1.0
0.6016149931624454,34.47,0.6796726980029454,0.3203273019970546,0.21771772159234237,1.0
0.6031857894892403,34.56,0.6782059393566254,0.3217940606433747,0.2182426431780228,1.0
0.6047565858160352,34.65,0.6767374218896286,0.3232625781103714,0.21876388370380742,1.0
0.6063273821428301,34.74,0.6752671600956295,0.3247328399043705,0.219281422592013,1.0
0.607898178469625,34.830000000000005,0.6737951684855185,0.32620483151448143,0.21979523941109017,0.9999999999999999
0.6094689747964199,34.92,0.6723214615872584,0.32767853841274147,0.22030531387643093,0.9999999999999998
0.6110397711232148,35.010000000000005,0.6708460539457417,0.32915394605425835,0.22081162585116876,1.0
0.6126105674500097,35.1,0.6693689601226457,0.3306310398773543,0.22131415534697366,1.0
0.6141813637768045,35.19,0.6678901946962904,0.33210980530370965,0.22181288252484174,1.0
0.6157521601035995,35.28,0.6664097722614933,0.3335902277385067,0.22230778769587797,1.0
0.6173229564303944,35.37,0.6649277074294264,0.3350722925705736,0.22279885132207353,1.0
0.6188937527571893,35.46,0.6634440148274712,0.3365559851725288,0.22328605401707738,1.0
0.6204645490839842,35.550000000000004,0.6619587090990747,0.3380412909009253,0.2237693765469613,1.0
0.6220353454107791,35.64,0.6604718049036047,0.3395281950963953,0.22424879983097942,1.0
0.623606141737574,35.730000000000004,0.6589833169162055,0.3410166830837945,0.22472430494232137,1.0
0.6251769380643689,35.82000000000001,0.6574932598276523,0.34250674017234767,0.22519587310885958,1.0
0.6267477343911637,35.91,0.6560016483442074,0.3439983516557925,0.2256634857138902,0.9999999999999999
0.6283185307179586,36.0,0.6545084971874737,0.3454915028125263,0.22612712429686843,1.0
0.6298893270447535,36.09,0.6530138210942504,0.3469861789057497,0.22658677055413678,1.0
0.6314601233715484,36.18,0.651517634816387,0.348482365183613,0.22704240633964798,1.0
0.6330309196983434,36.27,0.6500199531206381,0.3499800468793619,0.22749401366568156,1.0
0.6346017160251383,36.36,0.6485207907885173,0.3514792092114825,0.22794157470355336,0.9999999999999998
0.6361725123519332,36.45,0.647020162616152,0.3529798373838481,0.2283850717843203,1.0
0.6377433086787281,36.540000000000006,0.645518083414136,0.3544819165858641,0.2288244873994766,1.0
0.639314105005523,36.63,0.6440145680073845,0.35598543199261545,0.2292598042016464,1.0
0.6408849013323178,36.72,0.6425096312349882,0.3574903687650119,0.22969100500526773,1.0
0.6424556976591127,36.81,0.6410032879500648,0.3589967120499353,0.23011807278727114,1.0
0.6440264939859076,36.9,0.6394955530196147,0.3605044469803853,0.23054099068775186,1.0
0.6455972903127025,36.99,0.6379864413243728,0.3620135586756272,0.2309597420106354,1.0
0.6471680866394974,37.080000000000005,0.6364759677586626,0.36352403224133734,0.23137431022433644,0.9999999999999999
0.6487388829662923,37.17,0.6349641472302481,0.36503585276975187,0.2317846789624119,1.0
0.6503096792930873,37.260000000000005,0.6334509946601877,0.3665490053398122,0.2321908320242065,1.0
0.6518804756198822,37.35,0.6319365249826864,0.3680634750173136,0.23259275337549298,1.0
0.653451271946677,37.44,0.6304207531449485,0.3695792468550515,0.2329904271491044,1.0
0.6550220682734719,37.53,0.62890369410703,0.37109630589297005,0.23338383764556125,1.0
0.6565928646002668,37.62,0.627385362841691,0.37261463715830895,0.23377296933369068,1.0
0.6581636609270617,37.71,0.6258657743342485,0.37413422566575144,0.23415780685124,1.0
0.6597344572538566,37.800000000000004,0.6243449435824273,0.3756550564175726,0.2345383350054829,0.9999999999999999
0.6613052535806515,37.89,0.6228228855962131,0.3771771144037869,0.23491453877381954,1.0
0.6628760499074464,37.980000000000004,0.6212996153977036,0.3787003846022963,0.23528640330436915,1.0
0.6644468462342413,38.07000000000001,0.6197751480209609,0.38022485197903916,0.23565391391655693,1.0
0.6660176425610361,38.16,0.6182494985118624,0.3817505014881376,0.23601705610169305,1.0
0.667588438887831,38.25,0.6167226819279528,0.3832773180720473,0.236375815523546,1.0
0.669159235214626,38.34,0.6151947133382952,0.3848052866617047,0.23673017801890794,1.0
0.6707300315414209,38.43,0.6136656078233232,0.38633439217667687,0.23708012959815455,1.0
0.6723008278682158,38.52,0.6121353804746905,0.3878646195253095,0.23742565644579638,1.0
0.6738716241950107,38.61,0.6106040463951236,0.38939595360487644,0.23776674492102537,1.0
0.6754424205218056,38.7,0.6090716206982713,0.39092837930172875,0.23810338155825245,1.0
0.6770132168486005,38.790000000000006,0.6075381185085565,0.3924618814914433,0.23843555306763956,0.9999999999999998
0.6785840131753954,38.88,0.6060035549610272,0.3939964450389728,0.23876324633562448,1.0
0.6801548095021902,38.97,0.6044679452012058,0.39553205479879405,0.23908644842543778,0.9999999999999999
0.6817256058289851,39.06,0.6029313043849407,0.39706869561505936,0.23940514657761472,1.0
0.68329640215578,39.15,0.6013936476782562,0.3986063523217438,0.23971932821049766,1.0
0.6848671984825749,39.24,0.5998549902572036,0.40014500974279643,0.24002898092073377,1.0
0.6864379948093698,39.330000000000005,0.59831534730771,0.40168465269229,0.24033409248376433,1.0
0.6880087911361648,39.42,0.5967747340254301,0.4032252659745699,0.2406346508543073,1.0
0.6895795874629597,39.510000000000005,0.5952331656155949,0.40476683438440514,0.2409306441668327,1.0
0.6911503837897546,39.6,0.5936906572928622,0.40630934270713776,0.24122206073603142,1.0
0.6927211801165494,39.69,0.5921472242811667,0.40785277571883327,0.24150888905727635,1.0
0.6942919764433443,39.78,0.5906028818135687,0.40939711818643126,0.24179111780707646,1.0
0.6958627727701392,39.87,0.5890576451321051,0.410942354867895,0.2420687358435241,1.0
0.6974335690969341,39.96,0.5875115294876381,0.41248847051236204,0.24234173220673433,1.0
0.699004365423729,40.050000000000004,0.5859645501397047,0.41403544986029517,0.24261009611927814,0.9999999999999999
0.7005751617505239,40.14,0.5844167223563669,0.415583277643633,0.242873816986608,0.9999999999999999
0.7021459580773188,40.230000000000004,0.5828680614140598,0.4171319385859401,0.24313288439747555,0.9999999999999999
0.7037167544041137,40.32000000000001,0.5813185825974416,0.4186814174025582,0.24338728812434296,0.9999999999999998
0.7052875507309087,40.410000000000004,0.579768301199243,0.42023169880075695,0.24363701812378685,1.0
0.7068583470577035,40.5,0.5782172325201155,0.4217827674798846,0.24388206453689423,1.0
0.7084291433844984,40.59,0.5766653918684803,0.4233346081315197,0.24412241768965234,1.0
0.7099999397112933,40.68,0.5751127945603786,0.4248872054396215,0.2443580680933304,1.0
0.7115707360380882,40.77,0.5735594559193187,0.4264405440806813,0.24458900644485382,1.0
0.7131415323648831,40.86,0.572005391276126,0.42799460872387396,0.24481522362717198,1.0
0.714712328691678,40.95,0.5704506159687912,0.4295493840312087,0.24503671070961783,0.9999999999999999
0.7162831250184729,41.040000000000006,0.568895145342319,0.43110485465768106,0.24525345894826078,1.0
0.7178539213452678,41.13,0.5673389947485762,0.4326610052514237,0.24546545978625117,0.9999999999999999
0.7194247176720626,41.22,0.5657821795461414,0.43421782045385876,0.24567270485415932,1.0000000000000002
0.7209955139988575,41.31,0.5642247151001515,0.4357752848998486,0.24587518597030444,1.0
0.7225663103256524,41.4,0.5626666167821522,0.4373333832178478,0.2460728951410789,1.0
0.7241371066524473,41.49,0.5611078999699448,0.43889210003005524,0.24626582456126325,1.0
0.7257079029792423,41.580000000000005,0.5595485800474349,0.4404514199525651,0.24645396661433425,1.0
0.7272786993060372,41.67,0.5579886724044806,0.4420113275955193,0.24663731387276577,0.9999999999999999
0.7288494956328321,41.760000000000005,0.5564281924367408,0.4435718075632592,0.24681585909832215,1.0
0.730420291959627,41.85,0.5548671555455226,0.44513284445447737,0.2469895952423434,1.0
0.7319910882864218,41.94,0.5533055771376301,0.44669442286237004,0.24715851544602424,1.0
0.7335618846132167,42.03,0.5517434726252112,0.44825652737478866,0.24732261304068393,0.9999999999999998
0.7351326809400116,42.12,0.5501808574256074,0.4498191425743925,0.2474818815480308,0.9999999999999999
0.7367034772668065,42.21,0.5486177469611997,0.45138225303880025,0.24763631468041672,1.0
0.7382742735936014,42.300000000000004,0.5470541566592572,0.4529458433407428,0.24778590634108605,1.0
0.7398450699203963,42.39,0.5454901019517849,0.454509898048215,0.2479306506244162,1.0
0.7414158662471912,42.480000000000004,0.5439255982753715,0.4560744017246285,0.24807054181615065,1.0
0.7429866625739862,42.57000000000001,0.5423606610710366,0.4576393389289634,0.24820557439362478,1.0
0.7445574589007811,42.660000000000004,0.5407953057840786,0.4592046942159213,0.2483357430259835,1.0
0.7461282552275759,42.75,0.5392295478639225,0.4607704521360774,0.2484610425743922,1.0
0.7476990515543708,42.84,0.5376634027639664,0.46233659723603365,0.24858146809223927,1.0
0.7492698478811657,42.93,0.5360968859414303,0.46390311405856977,0.24869701482533144,1.0
0.7508406442079606,43.02,0.5345300128572029,0.46546998714279714,0.24880767821208144,1.0
0.7524114405347555,43.11,0.5329627989756889,0.46703720102431107,0.2489134538836883,1.0
0.7539822368615504,43.2,0.5313952597646567,0.4686047402353434,0.24901433766430978,1.0
0.7555530331883453,43.290000000000006,0.5298274106950853,0.47017258930491473,0.24911032557122673,1.0
0.7571238295151402,43.38,0.5282592672410121,0.47174073275898776,0.249201413815001,0.9999999999999999
0.758694625841935,43.47,0.5266908448793802,0.4733091551206198,0.24928759879962487,1.0
0.7602654221687299,43.56,0.5251221590898848,0.47487784091011526,0.24936887712266254,1.0
0.7618362184955249,43.65,0.5235532253548213,0.4764467746451787,0.249445245575385,1.0
0.7634070148223198,43.74,0.5219840591589324,0.47801594084106763,0.2495167011428966,1.0
0.7649778111491147,43.830000000000005,0.5204146759892551,0.47958532401074494,0.24958324100425372,1.0
0.7665486074759096,43.92,0.5188450913349671,0.48115490866503285,0.24964486253257676,1.0
0.7681194038027045,44.010000000000005,0.517275320687236,0.48272467931276397,0.24970156329515317,1.0
0.7696902001294994,44.1,0.5157053795390641,0.48429462046093597,0.249753341053534,1.0
0.7712609964562943,44.190000000000005,0.5141352833851366,0.4858647166148634,0.2498001937636219,1.0
0.7728317927830891,44.28,0.5125650477216688,0.48743495227833117,0.24984211957575217,1.0
0.774402589109884,44.37,0.5109946880462526,0.4890053119537474,0.2498791168347656,1.0
0.7759733854366789,44.46,0.509424219857704,0.4905757801422959,0.24991118408007362,1.0
0.7775441817634738,44.550000000000004,0.5078536586559103,0.49214634134408963,0.2499383200457164,0.9999999999999999
0.7791149780902688,44.64,0.5062830199416763,0.4937169800583237,0.24996052366041252,1.0
0.7806857744170637,44.730000000000004,0.504712319216572,0.49528768078342805,0.24997779404760115,1.0
0.7822565707438586,44.82000000000001,0.5031415719827794,0.49685842801722063,0.24999013052547706,1.0
0.7838273670706535,44.910000000000004,0.5015707937429398,0.4984292062570603,0.24999753260701718,1.0
0.7853981633974483,45.0,0.5000000000000001,0.4999999999999999,0.25,1.0
0.7869689597242432,45.09,0.4984292062570603,0.5015707937429398,0.24999753260701718,1.0
0.7885397560510381,45.18,0.49685842801722047,0.5031415719827794,0.24999013052547697,0.9999999999999999
0.790110552377833,45.27,0.49528768078342794,0.504712319216572,0.2499777940476011,1.0
0.7916813487046279,45.36,0.4937169800583237,0.5062830199416763,0.24996052366041252,1.0
0.7932521450314228,45.45,0.49214634134408963,0.5078536586559105,0.2499383200457165,1.0
0.7948229413582177,45.540000000000006,0.4905757801422959,0.509424219857704,0.24991118408007362,1.0
0.7963937376850126,45.63,0.4890053119537474,0.5109946880462526,0.2498791168347656,1.0
0.7979645340118074,45.72,0.48743495227833133,0.5125650477216687,0.2498421195757522,1.0
0.7995353303386024,45.81,0.4858647166148634,0.5141352833851366,0.2498001937636219,1.0
0.8011061266653973,45.9,0.48429462046093585,0.5157053795390641,0.24975334105353394,1.0
0.8026769229921922,45.99,0.4827246793127638,0.5172753206872363,0.24970156329515317,1.0
0.8042477193189871,46.080000000000005,0.4811549086650327,0.5188450913349674,0.24964486253257676,1.0
0.805818515645782,46.17,0.47958532401074494,0.5204146759892551,0.24958324100425372,1.0
0.8073893119725769,46.260000000000005,0.47801594084106747,0.5219840591589325,0.24951670114289656,1.0
0.8089601082993718,46.35,0.47644677464517854,0.5235532253548213,0.24944524557538492,0.9999999999999998
0.8105309046261667,46.440000000000005,0.4748778409101151,0.5251221590898848,0.24936887712266245,0.9999999999999999
0.8121017009529615,46.53,0.4733091551206198,0.5266908448793802,0.24928759879962487,1.0
0.8136724972797564,46.62,0.47174073275898776,0.5282592672410124,0.2492014138150011,1.0
0.8152432936065513,46.71,0.47017258930491457,0.5298274106950853,0.24911032557122664,0.9999999999999999
0.8168140899333463,46.800000000000004,0.4686047402353432,0.5313952597646567,0.2490143376643097,1.0
0.8183848862601412,46.89,0.46703720102431107,0.5329627989756889,0.2489134538836883,1.0
0.8199556825869361,46.980000000000004,0.465469987142797,0.5345300128572029,0.24880767821208138,1.0
0.821526478913731,47.07000000000001,0.4639031140585696,0.5360968859414303,0.24869701482533133,1.0
0.8230972752405259,47.160000000000004,0.46233659723603354,0.5376634027639664,0.24858146809223922,1.0
0.8246680715673207,47.25,0.4607704521360776,0.5392295478639225,0.24846104257439228,1.0
0.8262388678941156,47.34,0.4592046942159213,0.5407953057840786,0.2483357430259835,1.0
0.8278096642209105,47.43,0.45763933892896325,0.5423606610710366,0.2482055743936247,0.9999999999999999
0.8293804605477054,47.52,0.4560744017246285,0.5439255982753717,0.24807054181615076,1.0000000000000002
0.8309512568745003,47.61,0.454509898048215,0.5454901019517849,0.2479306506244162,1.0
0.8325220532012952,47.7,0.4529458433407428,0.5470541566592572,0.24778590634108605,1.0
0.8340928495280902,47.790000000000006,0.45138225303880025,0.5486177469611997,0.24763631468041672,1.0
0.8356636458548851,47.88,0.4498191425743925,0.5501808574256074,0.2474818815480308,0.9999999999999999
0.8372344421816799,47.97,0.44825652737478877,0.5517434726252112,0.24732261304068398,1.0
0.8388052385084748,48.06,0.44669442286237004,0.5533055771376298,0.24715851544602413,0.9999999999999999
0.8403760348352697,48.15,0.44513284445447737,0.5548671555455226,0.2469895952423434,1.0
0.8419468311620646,48.24,0.4435718075632592,0.5564281924367408,0.24681585909832215,1.0
0.8435176274888595,48.330000000000005,0.4420113275955193,0.5579886724044807,0.24663731387276583,1.0
0.8450884238156544,48.42,0.4404514199525651,0.5595485800474349,0.24645396661433425,1.0
0.8466592201424493,48.510000000000005,0.43889210003005524,0.5611078999699448,0.24626582456126325,1.0
0.8482300164692442,48.6,0.4373333832178478,0.5626666167821522,0.2460728951410789,1.0
0.8498008127960391,48.690000000000005,0.43577528489984846,0.5642247151001515,0.24587518597030433,1.0
0.8513716091228339,48.78,0.43421782045385876,0.5657821795461412,0.2456727048541592,1.0
0.8529424054496288,48.87,0.4326610052514237,0.5673389947485764,0.24546545978625126,1.0
0.8545132017764238,48.96,0.43110485465768095,0.568895145342319,0.2452534589482607,1.0
0.8560839981032187,49.050000000000004,0.4295493840312087,0.5704506159687914,0.24503671070961794,1.0
0.8576547944300136,49.14,0.42799460872387385,0.5720053912761262,0.24481522362717198,1.0
0.8592255907568085,49.230000000000004,0.4264405440806812,0.5735594559193187,0.24458900644485376,0.9999999999999999
0.8607963870836034,49.32000000000001,0.4248872054396214,0.5751127945603786,0.24435806809333033,1.0
0.8623671834103983,49.410000000000004,0.4233346081315197,0.5766653918684803,0.24412241768965234,1.0
0.8639379797371931,49.5,0.4217827674798846,0.5782172325201155,0.24388206453689423,1.0
0.865508776063988,49.59,0.42023169880075684,0.5797683011992432,0.24363701812378682,1.0
0.8670795723907829,49.68,0.4186814174025582,0.5813185825974418,0.24338728812434307,1.0
0.8686503687175778,49.77,0.4171319385859401,0.5828680614140598,0.24313288439747555,0.9999999999999999
0.8702211650443727,49.86,0.415583277643633,0.584416722356367,0.24287381698660804,1.0
0.8717919613711677,49.95,0.41403544986029517,0.5859645501397047,0.24261009611927814,0.9999999999999999
0.8733627576979626,50.040000000000006,0.41248847051236187,0.5875115294876381,0.24234173220673422,1.0
0.8749335540247575,50.13,0.4109423548678948,0.5890576451321051,0.242068735843524,1.0
0.8765043503515524,50.220000000000006,0.40939711818643126,0.5906028818135688,0.24179111780707652,1.0
0.8780751466783472,50.31,0.40785277571883344,0.5921472242811667,0.24150888905727647,1.0000000000000002
0.8796459430051421,50.4,0.40630934270713776,0.5936906572928623,0.24122206073603147,1.0
0.881216739331937,50.49,0.40476683438440497,0.5952331656155949,0.2409306441668326,0.9999999999999999
0.8827875356587319,50.580000000000005,0.4032252659745699,0.5967747340254301,0.2406346508543073,1.0
0.8843583319855268,50.67,0.40168465269229,0.5983153473077102,0.24033409248376442,1.0000000000000002
0.8859291283123217,50.760000000000005,0.40014500974279643,0.5998549902572036,0.24002898092073377,1.0
0.8874999246391166,50.85,0.39860635232174363,0.6013936476782562,0.23971932821049755,0.9999999999999998
0.8890707209659116,50.940000000000005,0.3970686956150592,0.6029313043849407,0.23940514657761464,0.9999999999999999
0.8906415172927064,51.03,0.39553205479879416,0.6044679452012058,0.23908644842543786,1.0
0.8922123136195013,51.12,0.3939964450389727,0.6060035549610273,0.23876324633562446,1.0
0.8937831099462962,51.21,0.3924618814914433,0.6075381185085568,0.23843555306763964,1.0
0.8953539062730911,51.300000000000004,0.39092837930172875,0.6090716206982713,0.23810338155825245,1.0
0.896924702599886,51.39,0.38939595360487644,0.6106040463951236,0.23776674492102537,1.0
0.8984954989266809,51.480000000000004,0.3878646195253093,0.6121353804746905,0.2374256564457963,0.9999999999999998
0.9000662952534758,51.57000000000001,0.3863343921766767,0.6136656078233232,0.23708012959815444,1.0
0.9016370915802707,51.660000000000004,0.3848052866617047,0.6151947133382955,0.23673017801890803,1.0000000000000002
0.9032078879070655,51.75,0.3832773180720473,0.6167226819279528,0.236375815523546,1.0
0.9047786842338604,51.84,0.3817505014881376,0.6182494985118624,0.23601705610169305,1.0
0.9063494805606553,51.93,0.38022485197903916,0.6197751480209609,0.23565391391655693,1.0
0.9079202768874503,52.02,0.3787003846022963,0.6212996153977037,0.2352864033043692,1.0
0.9094910732142452,52.11,0.3771771144037869,0.6228228855962131,0.23491453877381954,1.0
0.9110618695410401,52.2,0.3756550564175726,0.6243449435824274,0.23453833500548293,1.0
0.912632665867835,52.290000000000006,0.37413422566575144,0.6258657743342485,0.23415780685124,1.0
0.9142034621946299,52.38,0.37261463715830884,0.6273853628416912,0.2337729693336907,1.0
0.9157742585214248,52.470000000000006,0.37109630589297005,0.62890369410703,0.23338383764556125,1.0
0.9173450548482196,52.56,0.3695792468550515,0.6304207531449484,0.23299042714910437,0.9999999999999999
0.9189158511750145,52.65,0.3680634750173136,0.6319365249826864,0.23259275337549298,1.0
0.9204866475018094,52.74,0.3665490053398122,0.6334509946601877,0.2321908320242065,1.0
0.9220574438286043,52.830000000000005,0.36503585276975187,0.6349641472302483,0.23178467896241198,1.0000000000000002
0.9236282401553992,52.92,0.36352403224133734,0.6364759677586626,0.23137431022433644,0.9999999999999999
0.9251990364821941,53.010000000000005,0.36201355867562707,0.637986441324373,0.2309597420106354,1.0
0.9267698328089891,53.1,0.3605044469803853,0.6394955530196147,0.23054099068775186,1.0
0.928340629135784,53.190000000000005,0.3589967120499353,0.6410032879500648,0.23011807278727114,1.0
0.9299114254625788,53.28,0.357490368765012,0.6425096312349879,0.2296910050052677,1.0
0.9314822217893737,53.37,0.35598543199261545,0.6440145680073845,0.2292598042016464,1.0
0.9330530181161686,53.46,0.3544819165858641,0.645518083414136,0.2288244873994766,1.0
0.9346238144429635,53.550000000000004,0.35297983738384797,0.647020162616152,0.22838507178432021,1.0
0.9361946107697584,53.64,0.3514792092114825,0.6485207907885175,0.22794157470355345,1.0
0.9377654070965533,53.730000000000004,0.3499800468793619,0.6500199531206381,0.22749401366568156,1.0
0.9393362034233482,53.82000000000001,0.348482365183613,0.651517634816387,0.22704240633964798,1.0
0.9409069997501431,53.910000000000004,0.34698617890574956,0.6530138210942504,0.22658677055413673,1.0
0.942477796076938,54.00000000000001,0.34549150281252616,0.6545084971874737,0.22612712429686835,0.9999999999999999
0.9440485924037328,54.09,0.3439983516557926,0.6560016483442074,0.22566348571389025,1.0
0.9456193887305278,54.18,0.34250674017234767,0.6574932598276523,0.22519587310885958,1.0
0.9471901850573227,54.27,0.3410166830837945,0.6589833169162055,0.22472430494232137,1.0
0.9487609813841176,54.36,0.3395281950963952,0.6604718049036047,0.22424879983097937,0.9999999999999999
0.9503317777109125,54.45,0.3380412909009253,0.6619587090990747,0.2237693765469613,1.0
0.9519025740377074,54.540000000000006,0.33655598517252866,0.6634440148274712,0.22328605401707727,0.9999999999999998
0.9534733703645023,54.63,0.33507229257057347,0.6649277074294265,0.2227988513220735,1.0
0.9550441666912972,54.720000000000006,0.3335902277385066,0.6664097722614933,0.2223077876958779,1.0
0.956614963018092,54.81,0.33210980530370965,0.6678901946962904,0.22181288252484174,1.0
0.9581857593448869,54.9,0.3306310398773543,0.6693689601226457,0.22131415534697366,1.0
0.9597565556716818,54.99,0.32915394605425835,0.6708460539457417,0.22081162585116876,1.0
0.9613273519984767,55.080000000000005,0.32767853841274147,0.6723214615872586,0.220305313876431,1.0
0.9628981483252717,55.17,0.32620483151448143,0.6737951684855185,0.21979523941109017,0.9999999999999999
0.9644689446520666,55.260000000000005,0.3247328399043705,0.6752671600956295,0.219281422592013,1.0
0.9660397409788615,55.35,0.3232625781103714,0.6767374218896286,0.21876388370380742,1.0
0.9676105373056564,55.440000000000005,0.32179406064337457,0.6782059393566254,0.21824264317802275,1.0
0.9691813336324512,55.53,0.3203273019970547,0.6796726980029454,0.21771772159234246,1.0
0.9707521299592461,55.62,0.31886231664772713,0.6811376833522729,0.21718913966977174,1.0
0.972322926286041,55.71,0.31739911905420604,0.682600880945794,0.21665691827781997,1.0
0.9738937226128359,55.800000000000004,0.315937723657661,0.684062276342339,0.21612107842767642,1.0
0.9754645189396308,55.89,0.31447814488147446,0.6855218551185255,0.2155816412733808,1.0
0.9770353152664257,55.980000000000004,0.3130203971310997,0.6869796028689001,0.21503862811098828,0.9999999999999998
0.9786061115932206,56.07000000000001,0.3115644947939187,0.6884355052060813,0.2144920603777289,1.0
0.9801769079200155,56.160000000000004,0.3101104522390994,0.6898895477609006,0.21394195965116064,1.0
0.9817477042468105,56.25000000000001,0.3086582838174551,0.6913417161825449,0.21338834764831843,1.0
0.9833185005736053,56.34,0.30720800386130176,0.6927919961386981,0.21283124622485614,0.9999999999999999
0.9848892969004002,56.43,0.30575962668431694,0.694240373315683,0.21227067737418406,1.0
0.9864600932271951,56.52,0.30431316658139884,0.6956868334186012,0.21170666322660064,1.0
0.98803088955399,56.61,0.30286863782852447,0.6971313621714754,0.2111392260484185,0.9999999999999999
0.9896016858807849,56.7,0.30142605468260963,0.6985739453173904,0.21056838824108606,1.0
0.9911724822075798,56.790000000000006,0.29998543138136763,0.7000145686186324,0.20999417234030243,1.0
0.9927432785343747,56.88,0.2985467821431686,0.7014532178568315,0.20941660101512805,1.0
0.9943140748611696,56.970000000000006,0.2971101211669,0.7028898788331002,0.20883569706709004,1.0000000000000002
0.9958848711879644,57.06,0.29567546263182554,0.7043245373681745,0.2082514834292815,1.0
0.9974556675147593,57.15,0.2942428206974456,0.7057571793025544,0.2076639831654565,1.0
0.9990264638415542,57.24,0.292812209503358,0.707187790496642,0.2070732194691196,1.0
1.0005972601683493,57.330000000000005,0.2913836431691172,0.7086163568308826,0.20647921566260974,0.9999999999999998
1.002168056495144,57.42,0.28995713579409693,0.7100428642059032,0.2058819951961806,1.0000000000000002
1.0037388528219389,57.51,0.2885327014573485,0.7114672985426516,0.2052815816470731,1.0
1.0053096491487339,57.6,0.2871103542174636,0.7128896457825363,0.20467799871858616,1.0
1.0068804454755287,57.69,0.2856901081124359,0.7143098918875642,0.20407127023914062,1.0
1.0084512418023237,57.78000000000001,0.28427197715952046,0.7157280228404795,0.20346142016133753,1.0
1.0100220381291185,57.87,0.2828559753550977,0.7171440246449022,0.20284847256101404,1.0
1.0115928344559135,57.96000000000001,0.28144211667453345,0.7185578833254664,0.20223245163629172,0.9999999999999999
1.0131636307827083,58.050000000000004,0.2800304150720424,0.7199695849279576,0.20161338170662205,1.0
1.0147344271095033,58.14000000000001,0.27862088448054906,0.7213791155194508,0.20099128721182555,0.9999999999999998
1.0163052234362981,58.230000000000004,0.2772135388115518,0.7227864611884481,0.20036619271112804,1.0
1.017876019763093,58.32,0.27580839195498386,0.7241916080450161,0.19973812288218984,1.0
1.019446816089888,58.410000000000004,0.27440545777907743,0.7255945422209226,0.1991071025201324,1.0
1.0210176124166828,58.5,0.2730047501302266,0.7269952498697734,0.19847315653655914,1.0
1.0225884087434778,58.59,0.2716062828328502,0.72839371716715,0.19783630995857204,1.0000000000000002
1.0241592050702726,58.68,0.27021006968925604,0.7297899303107439,0.1971965879277834,1.0
1.0257300013970676,58.77000000000001,0.26881612447950404,0.731183875520496,0.19655401569932385,1.0
1.0273007977238624,58.86,0.26742446096127087,0.7325755390387292,0.1959086186408446,1.0
1.0288715940506572,58.949999999999996,0.2660350928697134,0.7339649071302865,0.19526042223151632,0.9999999999999999
1.0304423903774522,59.040000000000006,0.26464803391733366,0.7353519660826664,0.19460945206102348,1.0
1.032013186704247,59.129999999999995,0.263263297793844,0.736736702206156,0.1939557338285538,1.0
1.033583983031042,59.220000000000006,0.26188089816603044,0.7381191018339697,0.19329929334178367,1.0
1.0351547793578368,59.31,0.2605008486776195,0.7394991513223804,0.19264015651585947,1.0
1.0367255756846319,59.400000000000006,0.2591231629491423,0.7408768370508576,0.1919783493723745,0.9999999999999999
1.0382963720114267,59.49,0.257747854577801,0.742252145422199,0.19131389803834176,1.0
1.0398671683382217,59.580000000000005,0.2563749371373337,0.7436250628626662,0.19064682874516187,0.9999999999999999
1.0414379646650165,59.67,0.25500442417788166,0.7449955758221183,0.18997716782758864,1.0
1.0430087609918113,59.76,0.2536363292258543,0.7463636707741457,0.18930494172268833,1.0
1.0445795573186063,59.85,0.25227066578379626,0.7477293342162038,0.18863017696879644,1.0
1.046150353645401,59.94,0.25090744733025466,0.7490925526697453,0.18795290020447014,1.0
1.0477211499721961,60.03000000000001,0.24954668731964497,0.750453312680355,0.1872731381674363,1.0
1.049291946298991,60.12,0.24818839918211957,0.7518116008178803,0.18659091769353642,0.9999999999999999
1.050862742625786,60.21000000000001,0.24683259632343363,0.7531674036765664,0.1859062657156665,1.0
1.0524335389525807,60.300000000000004,0.24547929212481437,0.7545207078751855,0.1852192092627144,0.9999999999999999
1.0540043352793758,60.39000000000001,0.24412849994282743,0.7558715000571726,0.18452977545849236,1.0
1.0555751316061706,60.480000000000004,0.24278023310924676,0.7572197668907533,0.18383799152066657,1.0
1.0571459279329654,60.57,0.24143450493092145,0.7585654950690786,0.18314388475968232,1.0
1.0587167242597604,60.660000000000004,0.24009132868964522,0.7599086713103548,0.18244748257768598,1.0
1.0602875205865552,60.75,0.23875071764202557,0.7612492823579744,0.18174881246744334,1.0
1.0618583169133502,60.84,0.23741268501935206,0.7625873149806478,0.18104790201125395,0.9999999999999999
1.063429113240145,60.93,0.23607724402746683,0.7639227559725332,0.18034477887986272,1.0
1.06499990956694,61.02000000000001,0.2347444078466329,0.765255592153367,0.17963947083136655,0.9999999999999999
1.0665707058937348,61.11,0.2334141896314057,0.7665858103685943,0.17893200571011988,1.0
1.0681415022205296,61.199999999999996,0.23208660251050173,0.7679133974894983,0.1782224114456341,1.0
1.0697122985473246,61.290000000000006,0.23076165958666986,0.7692383404133302,0.17751071605147575,1.0
1.0712830948741194,61.379999999999995,0.2294393739365621,0.770560626063438,0.17679694762416057,1.0
1.0728538912009145,61.470000000000006,0.22811975861060368,0.7718802413893963,0.1760811343420436,1.0
1.0744246875277093,61.56,0.22680282663286547,0.7731971733671344,0.1753633044642078,0.9999999999999999
1.0759954838545043,61.650000000000006,0.22548859100093407,0.7745114089990659,0.17464348632934754,1.0
1.077566280181299,61.74,0.2241770646857849,0.7758229353142151,0.17392170835465032,1.0
1.079137076508094,61.830000000000005,0.22286826063165288,0.7771317393683472,0.17319799903467456,1.0
1.080707872834889,61.92,0.22156219175590597,0.778437808244094,0.17247238694022513,1.0
1.0822786691616837,62.01,0.22025887094891658,0.7797411290510834,0.1717449007172251,1.0
1.0838494654884787,62.1,0.21895831107393465,0.7810416889260654,0.17101556908558474,1.0
1.0854202618152735,62.19,0.2176605249669615,0.7823394750330386,0.17028442083806825,1.0
1.0869910581420685,62.28000000000001,0.21636552543662166,0.7836344745633783,0.16955148483915627,1.0
1.0885618544688633,62.37,0.21507332526403816,0.7849266747359619,0.16881679002390743,1.0
1.0901326507956584,62.46000000000001,0.21378393720270447,0.7862160627972955,0.16808036539681456,1.0
1.0917034471224532,62.550000000000004,0.21249737397836074,0.7875026260216393,0.16734224003066145,1.0
1.0932742434492482,62.64000000000001,0.2112136482888661,0.7887863517111339,0.16660244306537328,1.0
1.094845039776043,62.730000000000004,0.2099327728040753,0.7900672271959246,0.16586100370686777,0.9999999999999999
1.0964158361028378,62.82,0.208654760165712,0.791345239834288,0.1651179512259012,1.0
1.0979866324296328,62.910000000000004,0.2073796229872449,0.7926203770127551,0.16437331495691307,1.0
1.0995574287564276,63.0,0.20610737385376346,0.7938926261462365,0.16362712429686843,0.9999999999999999
1.1011282250832226,63.09,0.20483802532185266,0.7951619746781473,0.1628794087040967,1.0
1.1026990214100174,63.18,0.2035715899194704,0.7964284100805296,0.16213019769712939,1.0
1.1042698177368124,63.27000000000001,0.20230808014582244,0.7976919198541775,0.1613795208535339,1.0
1.1058406140636072,63.36,0.20104750847124053,0.7989524915287595,0.16062740780874699,1.0
1.1074114103904023,63.45000000000001,0.19978988733705785,0.8002101126629421,0.15987388825490356,0.9999999999999999
1.108982206717197,63.540000000000006,0.19853522915548763,0.8014647708445124,0.15911899193966564,1.0
1.1105530030439918,63.629999999999995,0.19728354630949935,0.8027164536905007,0.158362748665047,1.0
1.1121237993707869,63.720000000000006,0.19603485115269728,0.8039651488473027,0.1576051882862371,1.0
1.1136945956975817,63.81,0.19478915600919877,0.8052108439908012,0.1568463407104228,1.0
1.1152653920243767,63.900000000000006,0.1935464731735117,0.8064535268264883,0.15608623589560683,1.0
1.1168361883511715,63.99,0.19230681491041426,0.8076931850895859,0.15532490384942596,1.0000000000000002
1.1184069846779665,64.08000000000001,0.19107019345483275,0.8089298065451672,0.15456237462796554,1.0
1.1199777810047613,64.17,0.18983662101172197,0.8101633789882781,0.1537986783345738,1.0
1.121548577331556,64.25999999999999,0.18860610975594383,0.8113938902440562,0.1530338451186727,1.0
1.1231193736583511,64.35000000000001,0.18737867183214738,0.8126213281678526,0.15226790517456779,1.0
1.124690169985146,64.44,0.1861543193546498,0.8138456806453502,0.15150088874025686,1.0
1.126260966311941,64.53,0.18493306440731538,0.8150669355926845,0.1507328260962351,0.9999999999999999
1.1278317626387357,64.62,0.1837149190434378,0.8162850809565623,0.14996374756430092,1.0
1.1294025589655308,64.71000000000001,0.1824998952856196,0.8175001047143804,0.14919368350635748,1.0
1.1309733552923256,64.8,0.18128800512565516,0.818711994874345,0.1484226643232156,1.0000000000000002
1.1325441516191206,64.89000000000001,0.18007926052441067,0.8199207394755893,0.1476507204533921,1.0
1.1341149479459154,64.98,0.1788736734117078,0.8211263265882923,0.14687788237190952,1.0
1.1356857442727102,65.07,0.1776712556862044,0.8223287443137955,0.14610418058909178,1.0
1.1372565405995052,65.16000000000001,0.1764720192152778,0.8235279807847222,0.14532964564936043,1.0
1.1388273369263,65.25,0.1752759758349082,0.8247240241650917,0.14455430813002887,0.9999999999999999
1.140398133253095,65.34,0.17408313734956057,0.8259168626504395,0.1437781986400946,1.0
1.1419689295798898,65.43,0.1728935155320695,0.8271064844679304,0.14300134781903154,1.0
1.1435397259066848,65.52000000000001,0.17170712212352168,0.8282928778764784,0.14222378633557972,1.0
1.1451105222334796,65.61,0.17052396883314153,0.8294760311668584,0.1414455448865353,1.0
1.1466813185602747,65.7,0.16934406733817398,0.830655932661826,0.14066665419553798,1.0
1.1482521148870695,65.79,0.1681674292837707,0.8318325707162292,0.13988714501185867,0.9999999999999999
1.1498229112138643,65.88,0.16699406628287422,0.8330059337171257,0.13910704810918523,1.0
1.1513937075406593,65.97,0.16582398991610345,0.8341760100838965,0.13832639428440746,1.0
1.152964503867454,66.06,0.16465721173164,0.8353427882683601,0.13754521435640188,1.0
1.154535300194249,66.15,0.1634937432451133,0.8365062567548868,0.13676353916481426,1.0
1.156106096521044,66.24,0.16233359593948782,0.8376664040605122,0.13598139956884292,1.0
1.157676892847839,66.33000000000001,0.16117678126494878,0.8388232187350513,0.13519882644601963,1.0
1.1592476891746337,66.42,0.16002331063879038,0.8399766893612097,0.1344158506909916,1.0
1.1608184855014285,66.50999999999999,0.15887319544530185,0.8411268045546982,0.13363250321430079,1.0
1.1623892818282235,66.60000000000001,0.15772644703565564,0.8422735529643444,0.13284881494116416,1.0
1.1639600781550183,66.69,0.1565830767277959,0.8434169232722042,0.1320648168102531,1.0
1.1655308744818134,66.78,0.15544309580632573,0.8445569041936742,0.13128053977247117,1.0
1.1671016708086082,66.87,0.1543065155223968,0.8456934844776032,0.1304960147897331,1.0
1.1686724671354032,66.96000000000001,0.15317334709359742,0.8468266529064026,0.12971127283374176,1.0
1.170243263462198,67.05,0.15204360170384282,0.8479563982961572,0.12892634488476604,1.0
1.171814059788993,67.14000000000001,0.15091729050326358,0.8490827094967364,0.1281412619304171,1.0
1.1733848561157878,67.23,0.1497944246080968,0.8502055753919031,0.127356054964426,0.9999999999999999
1.1749556524425826,67.32,0.14867501510057543,0.8513249848994245,0.1265707549854191,1.0
1.1765264487693776,67.41000000000001,0.14755907302881927,0.8524409269711807,0.12578539299569483,1.0
1.1780972450961724,67.5,0.1464466094067263,0.8535533905932737,0.12500000000000006,1.0
1.1796680414229674,67.59,0.145337635213863,0.854662364786137,0.12421460700430509,1.0
1.1812388377497622,67.68,0.14423216139535733,0.8557678386046427,0.12342924501458093,1.0
1.1828096340765573,67.77000000000001,0.14313019886178927,0.8568698011382107,0.12264394503557391,0.9999999999999999
1.184380430403352,67.86,0.1420317584890844,0.8579682415109154,0.12185873806958278,0.9999999999999998
1.185951226730147,67.95,0.1409368511184055,0.8590631488815946,0.12107365511523392,1.0000000000000002
1.1875220230569419,68.04,0.13984548755604653,0.8601545124439536,0.12028872716625819,1.0
1.1890928193837367,68.13,0.1387576785733251,0.8612423214266749,0.1195039852102669,1.0
1.1906636157105317,68.22,0.13767343490647663,0.8623265650935233,0.11871946022752877,1.0
1.1922344120373265,68.31,0.1365927672565486,0.8634072327434514,0.11793518318974694,1.0
1.1938052083641215,68.4,0.13551568628929417,0.8644843137107059,0.11715118505883579,1.0
1.1953760046909163,68.49,0.13444220263506795,0.865557797364932,0.11636749678569927,1.0
1.1969468010177113,68.58000000000001,0.13337232688871992,0.8666276731112801,0.11558414930900836,1.0
1.1985175973445061,68.67,0.13230606960949204,0.8676939303905079,0.11480117355398028,1.0
1.200088393671301,68.75999999999999,0.1312434413209131,0.868756558679087,0.11401860043115714,1.0
1.201659189998096,68.85000000000001,0.1301844525106951,0.8698155474893048,0.11323646083518565,0.9999999999999999
1.2032299863248908,68.94,0.12912911363063043,0.8708708863693695,0.11245478564359815,0.9999999999999999
1.2048007826516858,69.03,0.12807743509648742,0.8719225649035127,0.11167360571559248,1.0000000000000002
1.2063715789784806,69.12,0.12702942728790897,0.872970572712091,0.11089295189081481,1.0
1.2079423753052756,69.21000000000001,0.12598510054830867,0.8740148994516913,0.11011285498814122,1.0
1.2095131716320704,69.3,0.12494446518477025,0.8750555348152299,0.109333345804462,1.0000000000000002
1.2110839679588654,69.39000000000001,0.12390753146794421,0.8760924685320558,0.10855445511346463,1.0
1.2126547642856602,69.48,0.12287430963194806,0.877125690368052,0.10777621366442022,1.0
1.214225560612455,69.57,0.12184480987426409,0.8781551901257361,0.10699865218096855,1.0000000000000002
1.21579635693925,69.66000000000001,0.12081904235563903,0.8791809576443609,0.10622180135990532,0.9999999999999999
1.2173671532660448,69.75,0.11979701719998456,0.8802029828000155,0.10544569186997117,1.0
1.2189379495928399,69.84,0.11877874449427603,0.8812212555057239,0.10467035435063951,1.0
1.2205087459196347,69.93,0.11776423428845421,0.8822357657115458,0.10389581941090828,1.0
1.2220795422464297,70.02000000000001,0.11675349659532502,0.8832465034046751,0.10312211762809047,1.0000000000000002
1.2236503385732245,70.11,0.11574654139046169,0.8842534586095383,0.10234927954660783,1.0
1.2252211349000195,70.2,0.1147433786121053,0.8852566213878947,0.10157733567678437,1.0
1.2267919312268143,70.29,0.11374401816106777,0.8862559818389323,0.10080631649364247,1.0
1.228362727553609,70.38,0.11274846990063313,0.887251530099367,0.10003625243569916,1.0
1.2299335238804041,70.47,0.11175674365646068,0.8882432563435394,0.09926717390376483,1.0
1.231504320207199,70.56,0.11076884921648832,0.8892311507835116,0.09849911125974317,0.9999999999999999
1.233075116533994,70.65,0.10978479633083507,0.890215203669165,0.09773209482543213,1.0
1.2346459128607887,70.74,0.10880459471170595,0.8911954052882941,0.09696615488132737,1.0
1.2362167091875838,70.83000000000001,0.1078282540332949,0.8921717459667051,0.09620132166542614,1.0
1.2377875055143785,70.92,0.10685578393169054,0.8931442160683094,0.0954376253720344,1.0
1.2393583018411733,71.00999999999999,0.10588719400478003,0.89411280599522,0.09467509615057411,1.0
1.2409290981679684,71.10000000000001,0.10492249381215481,0.8950775061878451,0.09391376410439313,0.9999999999999999
1.2424998944947632,71.19,0.10396169287501653,0.8960383071249836,0.09315365928957728,1.0
1.2440706908215582,71.28,0.1030048006760823,0.8969951993239178,0.09239481171376286,1.0
1.245641487148353,71.37,0.1020518266594921,0.8979481733405079,0.09163725133495308,1.0
1.247212283475148,71.46000000000001,0.10110278023071445,0.8988972197692855,0.0908810080603343,1.0
1.2487830798019428,71.55,0.10015767075645475,0.8998423292435452,0.09012611174509635,1.0
1.2503538761287378,71.64000000000001,0.09921650756456163,0.9007834924354383,0.0893725921912529,1.0
1.2519246724555326,71.73,0.0982792999439362,0.9017207000560639,0.08862047914646602,1.0
1.2534954687823274,71.82,0.09734605714443907,0.9026539428555609,0.08786980230287067,1.0
1.2550662651091224,71.91000000000001,0.09641678837679983,0.9035832116232002,0.08712059129590323,1.0
1.2566370614359172,72.0,0.0954915028125263,0.9045084971874736,0.08637287570313157,0.9999999999999999
1.2582078577627123,72.09,0.09457020958381322,0.9054297904161869,0.08562668504308688,1.0
1.259778654089507,72.18,0.09365291778345305,0.906347082216547,0.08488204877409884,1.0
1.261349450416302,72.27000000000001,0.09273963646474526,0.9072603635352547,0.08413899629313215,1.0
1.2629202467430969,72.36,0.09183037464140804,0.908169625358592,0.0833975569346267,1.0
1.264491043069892,72.45,0.09092514128748821,0.9090748587125118,0.08265775996933852,1.0
1.2660618393966867,72.54,0.0900239453372738,0.9099760546627261,0.08191963460318533,0.9999999999999999
1.2676326357234815,72.63,0.08912679568520493,0.910873204314795,0.08118320997609266,1.0
1.2692034320502765,72.72,0.08823370118578626,0.9117662988142137,0.08044851516084363,0.9999999999999999
1.2707742283770713,72.81,0.08734467065350023,0.9126553293464996,0.07971557916193178,0.9999999999999999
1.2723450247038663,72.9,0.08645971286271904,0.9135402871372809,0.0789844309144152,0.9999999999999999
1.2739158210306611,72.99,0.08557883654761905,0.914421163452381,0.07825509928277496,1.0
1.2754866173574562,73.08000000000001,0.08470205040209361,0.9152979495979064,0.0775276130597748,1.0
1.277057413684251,73.17,0.08382936307966828,0.9161706369203318,0.07680200096532544,1.0000000000000002
1.278628210011046,73.26,0.08296078319341432,0.9170392168065856,0.07607829164534963,1.0
1.2801990063378408,73.35000000000001,0.08209631931586484,0.9179036806841352,0.0753565136706524,1.0
1.2817698026646356,73.44,0.08123597997892916,0.9187640200210707,0.07463669553579216,0.9999999999999999
1.2833405989914306,73.53,0.08037977367380912,0.9196202263261909,0.07391886565795634,1.0
1.2849113953182254,73.62,0.07952770885091548,0.9204722911490846,0.0732030523758395,1.0
1.2864821916450204,73.71000000000001,0.07867979391978382,0.9213202060802161,0.07248928394852416,1.0
1.2880529879718152,73.8,0.07783603724899248,0.9221639627510075,0.07177758855436593,1.0
1.2896237842986102,73.89000000000001,0.07699644716607884,0.9230035528339211,0.07106799428988006,1.0
1.291194580625405,73.98,0.07616103195745837,0.9238389680425416,0.07036052916863338,1.0
1.2927653769521998,74.07,0.07532979986834178,0.9246702001316581,0.06965522112013735,0.9999999999999999
1.2943361732789949,74.16000000000001,0.07450275910265404,0.925497240897346,0.06895209798874594,1.0
1.2959069696057897,74.25,0.07367991782295392,0.9263200821770461,0.06825118753255668,1.0
1.2974777659325847,74.34,0.07286128415035238,0.9271387158496477,0.067552517422314,1.0
1.2990485622593795,74.43,0.0720468661644335,0.9279531338355664,0.0668561152403177,0.9999999999999999
1.3006193585861745,74.52000000000001,0.07123667190317381,0.9287633280968262,0.06616200847933337,1.0
1.3021901549129693,74.61,0.07043070936286379,0.9295692906371361,0.0654702245415076,0.9999999999999999
1.3037609512397643,74.7,0.06962898649802811,0.9303710135019718,0.06478079073728553,0.9999999999999999
1.3053317475665591,74.79,0.068831511221348,0.931168488778652,0.06409373428433343,1.0
1.306902543893354,74.88,0.06803829140358238,0.9319617085964177,0.0634090823064636,1.0
1.308473340220149,74.97,0.06724933487349048,0.9327506651265096,0.06272686183256362,1.0
1.3100441365469437,75.06,0.066464649417755,0.9335353505822449,0.062047099795529914,0.9999999999999999
1.3116149328737388,75.15,0.06568424278090433,0.9343157572190958,0.06136982303120356,1.0
1.3131857292005336,75.24,0.06490812266523716,0.9350918773347627,0.06069505827731168,0.9999999999999999
1.3147565255273286,75.33000000000001,0.0641362967307455,0.9358637032692544,0.06002283217241126,0.9999999999999999
1.3163273218541234,75.42,0.06336877259503991,0.9366312274049601,0.05935317125483803,1.0
1.3178981181809184,75.51,0.06260555783327354,0.9373944421667265,0.05868610196165819,1.0
1.3194689145077132,75.60000000000001,0.06184665997806818,0.9381533400219317,0.0580216506276254,0.9999999999999999
1.321039710834508,75.69,0.0610920865194392,0.9389079134805607,0.05735984348414055,0.9999999999999999
1.322610507161303,75.78,0.060341844904721845,0.9396581550952781,0.05670070665821633,0.9999999999999999
1.3241813034880978,75.87,0.05959594253849822,0.9404040574615017,0.05604426617144623,0.9999999999999999
1.3257520998148928,75.96000000000001,0.05885438678252332,0.9411456132174768,0.05539054793897647,1.0000000000000002
1.3273228961416876,76.05,0.058117184955653295,0.9418828150443467,0.05473957776848368,1.0
1.3288936924684827,76.14000000000001,0.05738434433377235,0.9426156556662276,0.054091381359155394,1.0
1.3304644887952775,76.23,0.056655872149721745,0.9433441278502783,0.05344598430067613,1.0
1.3320352851220723,76.32,0.055931775593227775,0.9440682244067721,0.052803412072216574,0.9999999999999999
1.3336060814488673,76.41000000000001,0.055212061810831,0.944787938189169,0.05216369004142797,1.0
1.335176877775662,76.5,0.0544967379058161,0.9455032620941839,0.051526843463440886,1.0
1.336747674102457,76.59,0.05378581093814102,0.9462141890618588,0.05089289747986756,0.9999999999999999
1.338318470429252,76.68,0.053079287924368126,0.9469207120756318,0.05026187711781015,0.9999999999999999
1.339889266756047,76.77000000000001,0.052377175837594124,0.947622824162406,0.04963380728887187,1.0
1.3414600630828417,76.86,0.05167948160738207,0.9483205183926179,0.04900871278817432,1.0
1.3430308594096367,76.95,0.05098621211969213,0.9490137878803079,0.048386618293377884,1.0
1.3446016557364315,77.04,0.050297374216814475,0.9497026257831854,0.047767548363708195,0.9999999999999999
1.3461724520632263,77.13,0.049612974697301,0.950387025302699,0.04715152743898597,1.0
1.3477432483900214,77.22,0.048933020315898565,0.9510669796841014,0.04653857983866242,0.9999999999999999
1.3493140447168162,77.31,0.048257517783482605,0.9517424822165175,0.04592872976085947,1.0
1.3508848410436112,77.4,0.047586473766990205,0.9524135262330098,0.045322001281413754,1.0
1.352455637370406,77.49,0.046919894889355086,0.953080105110645,0.04471841835292696,1.0
1.354026433697201,77.58000000000001,0.046257787729441495,0.9537422122705584,0.04411800480381942,0.9999999999999999
1.3555972300239958,77.67,0.045600158821979944,0.9543998411780201,0.04352078433739015,1.0
1.3571680263507908,77.76,0.04494701465750211,0.9550529853424978,0.0429267805308804,0.9999999999999999
1.3587388226775856,77.85000000000001,0.044298361682277354,0.9557016383177227,0.0423360168345435,1.0
1.3603096190043804,77.94,0.043654206298248614,0.9563457937017514,0.04174851657071857,1.0
1.3618804153311754,78.03,0.04301455486296937,0.9569854451370307,0.04116430293290997,1.0
1.3634512116579702,78.12,0.042379413689541234,0.9576205863104588,0.04058339898487196,1.0
1.3650220079847653,78.21000000000001,0.04174878904655099,0.958251210953449,0.04000582765969757,1.0
1.36659280431156,78.3,0.04112268715800943,0.9588773128419905,0.039431611758913916,1.0
1.368163600638355,78.39000000000001,0.040501114203289286,0.9594988857967107,0.038860773951581405,1.0
1.3697343969651499,78.48,0.03988407631706482,0.9601159236829352,0.03829333677339937,1.0
1.3713051932919447,78.57,0.0392715795892508,0.9607284204107491,0.037729322625815936,0.9999999999999999
1.3728759896187397,78.66000000000001,0.03866363006494256,0.9613363699350574,0.03716875377514383,1.0
1.3744467859455345,78.75,0.038060233744356645,0.9619397662556434,0.03661165235168158,1.0
1.3760175822723295,78.84,0.037461396582770944,0.9625386034172291,0.036058040348839304,1.0
1.3775883785991243,78.93,0.03686712449046668,0.9631328755095334,0.03550793962227112,1.0
1.3791591749259193,79.02000000000001,0.0362774233326693,0.9637225766673307,0.0349613718890116,1.0
1.3807299712527141,79.11,0.035692298929491335,0.9643077010705086,0.034418358726619164,0.9999999999999999
1.3823007675795091,79.2,0.03511175705587426,0.9648882429441258,0.03387892157232352,1.0
1.383871563906304,79.29,0.03453580344153213,0.9654641965584678,0.033343081722179986,1.0
1.3854423602330987,79.38,0.03396444377089454,0.9660355562291054,0.03281086033022828,1.0
1.3870131565598938,79.47,0.03339768368305069,0.9666023163169493,0.03228227840765758,1.0
1.3885839528866886,79.56,0.03283552877169399,0.9671644712283061,0.03175735682197725,1.0
1.3901547492134836,79.65,0.03227798458506631,0.9677220154149337,0.031236116296192534,1.0
1.3917255455402784,79.74,0.03172505662590383,0.968274943374096,0.030718577407987023,0.9999999999999999
1.3932963418670734,79.83000000000001,0.03117675035138214,0.9688232496486179,0.030204760588909734,1.0
1.3948671381938682,79.92,0.030633071173062954,0.969366928826937,0.02969468612356901,0.9999999999999999
1.3964379345206632,80.01,0.03009402445684012,0.9699059755431598,0.029188374148831225,1.0
1.398008730847458,80.10000000000001,0.029559615522887255,0.9704403844771129,0.028685844653026343,1.0000000000000002
1.3995795271742528,80.19,0.029029849645604705,0.9709701503543953,0.02818711747515829,1.0
1.4011503235010478,80.28,0.028504732053567745,0.9714952679464323,0.027692212304122055,1.0
1.4027211198278426,80.37,0.027984267929475153,0.9720157320705248,0.0272011486779265,1.0
1.4042919161546377,80.46000000000001,0.027468462410097552,0.9725315375899024,0.026713945982922607,1.0
1.4058627124814325,80.55,0.026957320586227344,0.9730426794137725,0.026230623453038705,0.9999999999999999
1.4074335088082275,80.64000000000001,0.026450847502627824,0.9735491524973721,0.02575120016902055,0.9999999999999999
1.4090043051350223,80.73,0.025949048157983996,0.974050951842016,0.025275695057678623,1.0
1.4105751014618173,80.82000000000001,0.02545192750485266,0.9745480724951474,0.024804126891140386,1.0
1.412145897788612,80.91000000000001,0.02495949044961412,0.9750405095503859,0.024336514286109744,1.0
1.413716694115407,81.0,0.02447174185242323,0.9755282581475768,0.02387287570313159,1.0
1.415287490442202,81.09,0.023988686527161664,0.9760113134728382,0.023413229445863232,0.9999999999999999
1.4168582867689967,81.18,0.0235103292413906,0.9764896707586095,0.022957593660352014,1.0
1.4184290830957917,81.27000000000001,0.023036674716303194,0.9769633252836969,0.022505986334318433,1.0
1.4199998794225865,81.36,0.022567727626678524,0.9774322723733215,0.022058425296446575,1.0
1.4215706757493816,81.45,0.022103492600834898,0.9778965073991651,0.021614928215679736,1.0
1.4231414720761764,81.54,0.021643974220584748,0.9783560257794152,0.02117551260052341,0.9999999999999999
1.4247122684029712,81.63,0.021189177021188898,0.9788108229788112,0.02074019579835362,1.0
1.4262830647297662,81.72,0.02073910549131204,0.9792608945086879,0.02030899499473227,1.0
1.427853861056561,81.81,0.020293764072978598,0.9797062359270213,0.01988192721272888,0.9999999999999999
1.429424657383356,81.9,0.019853157161528443,0.9801468428384714,0.01945900931224809,0.9999999999999999
1.4309954537101508,81.99,0.019417289105574047,0.980582710894426,0.019040257989364602,1.0
1.4325662500369458,82.08000000000001,0.018986164206957028,0.9810138357930429,0.01862568977566349,0.9999999999999999
1.4341370463637406,82.17,0.018559786720706205,0.9814402132792936,0.0182153210375881,0.9999999999999999
1.4357078426905356,82.26,0.018138160854995113,0.9818618391450048,0.017809167975793436,0.9999999999999999
1.4372786390173304,82.35000000000001,0.017721290771100948,0.9822787092288991,0.01740724662450704,1.0
1.4388494353441252,82.44,0.017309180583363074,0.9826908194166369,0.0170095728508956,1.0
1.4404202316709203,82.53,0.016901834359142623,0.9830981656408574,0.01661616235443873,1.0
1.441991027997715,82.62,0.016499256118782484,0.9835007438812177,0.016227030666309306,1.0000000000000002
1.44356182432451,82.71000000000001,0.01610144983556725,0.9838985501644328,0.015842193148759964,1.0
1.4451326206513049,82.8,0.015708419435684445,0.9842915805643156,0.015461664994517057,1.0
1.4467034169781,82.89000000000001,0.015320168798185334,0.9846798312018147,0.015085461226180442,1.0
1.4482742133048947,82.98,0.014936701754947077,0.9850632982450529,0.014713596695630838,1.0
1.4498450096316897,83.07000000000001,0.014558022090634469,0.9854419779093656,0.01434608608344307,1.0
1.4514158059584845,83.16000000000001,0.014184133542663024,0.985815866457337,0.013982943898306925,1.0
1.4529866022852793,83.25,0.013815039801161713,0.9861849601988383,0.01362418447645403,1.0
1.4545573986120743,83.34,0.013450744508936702,0.9865492554910632,0.01326982198109201,0.9999999999999999
1.4561281949388691,83.43,0.013091251261435562,0.9869087487385644,0.012919870401845524,0.9999999999999999
1.4576989912656642,83.52000000000001,0.012736563606711406,0.9872634363932885,0.0125743435542036,0.9999999999999999
1.459269787592459,83.61,0.012386685045388292,0.9876133149546117,0.012233255078974646,1.0
1.460840583919254,83.7,0.012041619030626274,0.9879583809693737,0.011896618441747534,1.0
1.4624113802460488,83.79,0.011701368968087706,0.9882986310319124,0.01156444693236038,1.0
1.4639821765728436,83.88,0.011365938215903287,0.9886340617840967,0.011236753664375557,1.0
1.4655529728996386,83.97,0.01103533008463908,0.9889646699153609,0.01091355157456214,1.0
1.4671237692264334,84.06,0.010709547837263958,0.989290452162736,0.010594853422385312,1.0
1.4686945655532284,84.15,0.010388594689117094,0.9896114053108829,0.010280671789502342,1.0
1.4702653618800232,84.24,0.010072473807876571,0.9899275261921234,0.009971019079266211,1.0
1.4718361582068182,84.33000000000001,0.009761188313527777,0.9902388116864723,0.009665907516235627,1.0
1.473406954533613,84.42,0.009454741278332957,0.990545258721667,0.009365349145692743,1.0
1.474977750860408,84.51,0.009153135726800545,0.9908468642731995,0.009069355833167312,1.0
1.4765485471872029,84.60000000000001,0.008856374635655653,0.9911436253643443,0.008777939263968568,1.0
1.4781193435139977,84.69,0.008564460933810407,0.9914355390661895,0.008491110942723642,0.9999999999999999
1.4796901398407927,84.78,0.008277397502335148,0.9917226024976648,0.008208882192923483,0.9999999999999999
1.4812609361675875,84.87,0.007995187174430136,0.99200481282557,0.007931264156475964,1.0
1.4828317324943825,84.96000000000001,0.007717832735397296,0.9922821672646027,0.007658267793265726,1.0
1.4844025288211773,85.05,0.007445336922613043,0.9925546630773869,0.007389903880721817,1.0
1.4859733251479723,85.14000000000001,0.007177702425500966,0.992822297574499,0.007126183013391923,1.0
1.4875441214747671,85.23,0.006914931885505575,0.9930850681144944,0.006867115602524393,1.0
1.4891149178015621,85.32000000000001,0.006657027896065943,0.993342972103934,0.006612711875656942,0.9999999999999999
1.490685714128357,85.41000000000001,0.006403993002590398,0.9935960069974096,0.006362981876213171,1.0
1.4922565104551517,85.5,0.006155829702431145,0.9938441702975689,0.006117935463105812,1.0
1.4938273067819468,85.59,0.00591254044485974,0.9940874595551401,0.0058775823103476375,0.9999999999999999
1.4953981031087415,85.68,0.005674127631043,0.994325872368957,0.0056419319066696345,1.0
1.4969688994355366,85.77000000000001,0.005440593614019081,0.9945594063859808,0.005410993555146175,0.9999999999999999
1.4985396957623314,85.86,0.005211940698674515,0.9947880593013255,0.005184776372828015,1.0
1.5001104920891264,85.95,0.0049881711417211995,0.9950118288582789,0.0049632892903820995,1.0
1.5016812884159212,86.04,0.004769287151674388,0.9952307128483256,0.004746541051739262,1.0
1.503252084742716,86.13,0.00455529088883066,0.9954447091111692,0.004534540213748796,0.9999999999999999
1.504822881069511,86.22,0.00434618446524671,0.9956538155347534,0.004327295145840759,1.0000000000000002
1.5063936773963058,86.31,0.0041419699447185765,0.9958580300552814,0.0041248140296956245,1.0
1.5079644737231008,86.4,0.003942649342761075,0.9960573506572389,0.003927104858921101,1.0
1.5095352700498956,86.49,0.003748224626588134,0.9962517753734118,0.003734175438736772,0.9999999999999999
1.5111060663766906,86.58000000000001,0.0035586977150931557,0.9964413022849069,0.003546033385665747,1.0
1.5126768627034854,86.67,0.003374070478830294,0.9966259295211696,0.0033626861272341795,0.9999999999999999
1.5142476590302805,86.76,0.0031943447399957812,0.9968056552600042,0.0031841409016778424,1.0
1.5158184553570753,86.85000000000001,0.0030195222724101528,0.9969804777275898,0.0030104047576565715,1.0
1.51738925168387,86.94,0.0028496048015005594,0.9971503951984994,0.002841484553975824,0.9999999999999999
1.518960048010665,87.03,0.002684594004283818,0.9973154059957162,0.002677386959315981,1.0
1.5205308443374599,87.12,0.0025244915093499258,0.99747550849065,0.002518118451969146,1.0
1.522101640664255,87.21000000000001,0.002369298896845826,0.9976307011031541,0.002363685319583231,0.9999999999999999
1.5236724369910497,87.3,0.0022190176984599953,0.9977809823015401,0.002214093658913917,1.0
1.5252432333178447,87.39000000000001,0.0020736493974071466,0.9979263506025929,0.0020693493755837796,1.0
1.5268140296446395,87.48,0.0019331954284137665,0.9980668045715861,0.0019294581838493264,0.9999999999999999
1.5283848259714345,87.57000000000001,0.0017976571777037842,0.9982023428222961,0.0017944256063752342,0.9999999999999999
1.5299556222982293,87.66000000000001,0.0016670359829850552,0.9983329640170149,0.0016642569740164881,0.9999999999999999
1.5315264186250241,87.75,0.0015413331334360163,0.9984586668665639,0.0015389574256077885,0.9999999999999999
1.5330972149518192,87.84,0.0014205498696930289,0.9985794501303069,0.001418531907760744,0.9999999999999999
1.534668011278614,87.93,0.001304687383838177,0.9986953126161618,0.0013029851746686307,1.0
1.536238807605409,88.02000000000001,0.001193746819387389,0.9988062531806127,0.0011923217879185916,1.0
1.5378096039322038,88.11,0.0010877292712792774,0.9989122707287207,0.0010865461163116796,1.0
1.5393804002589988,88.2,0.0009866357858642114,0.9990133642141359,0.0009856623356902636,1.0
1.5409511965857936,88.29,0.0008904673608941085,0.999109532639106,0.0008896744287732908,1.0
1.5425219929125886,88.38000000000001,0.0007992249455124701,0.9992007750544876,0.0007985861849989408,1.0
1.5440927892393834,88.47,0.0007129094402451262,0.999287090559755,0.0007124012003751356,1.0
1.5456635855661782,88.56,0.0006315216969912538,0.9993684783030087,0.0006311228773374831,0.9999999999999999
1.5472343818929732,88.65,0.0005550625190150103,0.999444937480985,0.0005547544246149949,1.0
1.548805178219768,88.74,0.00048353266093763633,0.9995164673390624,0.0004832988571034429,1.0
1.550375974546563,88.83000000000001,0.0004169328287299332,0.9995830671712701,0.0004167589957462605,1.0
1.5519467708733579,88.92,0.0003552636797053762,0.9996447363202945,0.00035513746742325835,0.9999999999999999
1.5535175672001529,89.01,0.0002985258225135518,0.9997014741774863,0.00029843670484684437,0.9999999999999999
1.5550883635269477,89.10000000000001,0.0002467198171342206,0.9997532801828658,0.00024665894646605383,1.0
1.5566591598537425,89.19,0.0001998461748717324,0.9998001538251282,0.00019980623637812152,1.0
1.5582299561805375,89.28,0.00015790535835000707,0.99984209464165,0.00015788042424781141,1.0
1.5598007525073323,89.37,0.0001208977815079833,0.9998791022184921,0.00012088316523440976,1.0
1.5613715488341273,89.46000000000001,8.882380959549359e-05,0.9999111761904046,8.881591992634254e-05,1.0
1.5629423451609221,89.55,6.168375916970092e-05,0.9999383162408302,6.167995428355561e-05,0.9999999999999999
1.5645131414877171,89.64000000000001,3.947789809193851e-05,0.999960522101908,3.947633958750075e-05,0.9999999999999999
1.566083937814512,89.73,2.2206445525096542e-05,0.9999777935544749,2.2205952398873682e-05,1.0
1.567654734141307,89.82000000000001,9.869571931434233e-06,0.9999901304280686,9.869474522984123e-06,1.0
1.5692255304681018,89.91000000000001,2.4673990709168294e-06,0.999997532600929,2.4673929828586543e-06,1.0
1.5707963267948966,90.0,3.749399456654644e-33,1.0,3.749399456654644e-33,1.0
