theta_deg,phi_deg,theta_plus_phi,difference
0.0,90.0,90.0,90.0
0.05,89.95,90.0,89.9
0.1,89.9,90.0,89.80000000000001
0.15000000000000002,89.85,90.0,89.69999999999999
0.2,89.8,90.0,89.6
0.25,89.75,90.0,89.5
0.30000000000000004,89.7,90.0,89.4
0.35000000000000003,89.65,90.0,89.30000000000001
0.4,89.6,90.0,89.19999999999999
0.45,89.55,90.0,89.1
0.5,89.5,90.0,89.0
0.55,89.45,90.0,88.9
0.6000000000000001,89.4,90.0,88.80000000000001
0.65,89.35,90.0,88.69999999999999
0.7000000000000001,89.3,90.0,88.6
0.75,89.25,90.0,88.5
0.8,89.2,90.0,88.4
0.8500000000000001,89.15,90.0,88.30000000000001
0.9,89.1,90.0,88.19999999999999
0.9500000000000001,89.05,90.0,88.1
1.0,89.0,90.0,88.0
1.05,88.95,90.0,87.9
1.1,88.9,90.0,87.80000000000001
1.1500000000000001,88.85,90.0,87.69999999999999
1.2000000000000002,88.8,90.0,87.6
1.25,88.75,90.0,87.5
1.3,88.7,90.0,87.4
1.35,88.65,90.0,87.30000000000001
1.4000000000000001,88.6,90.0,87.19999999999999
1.4500000000000002,88.55,90.0,87.1
1.5,88.5,90.0,87.0
1.55,88.45,90.0,86.9
1.6,88.4,90.0,86.80000000000001
1.6500000000000001,88.35,90.0,86.69999999999999
1.7000000000000002,88.3,90.0,86.6
1.75,88.25,90.0,86.5
1.8,88.2,90.0,86.4
1.85,88.15,90.0,86.30000000000001
1.9000000000000001,88.1,90.0,86.19999999999999
1.9500000000000002,88.05,90.0,86.1
2.0,88.0,90.0,86.0
2.0500000000000003,87.95,90.0,85.9
2.1,87.9,90.0,85.80000000000001
2.15,87.85,90.0,85.69999999999999
2.2,87.8,90.0,85.6
2.25,87.75,90.0,85.5
2.3000000000000003,87.7,90.0,85.4
2.35,87.65,90.0,85.30000000000001
2.4000000000000004,87.6,90.0,85.19999999999999
2.45,87.55,90.0,85.1
2.5,87.5,90.0,85.0
2.5500000000000003,87.45,90.0,84.9
2.6,87.4,90.0,84.80000000000001
2.6500000000000004,87.35,90.0,84.69999999999999
2.7,87.3,90.0,84.6
2.75,87.25,90.0,84.5
2.8000000000000003,87.2,90.0,84.4
2.85,87.15,90.0,84.30000000000001
2.9000000000000004,87.1,90.0,84.19999999999999
2.95,87.05,90.0,84.1
3.0,87.0,90.0,84.0
3.0500000000000003,86.95,90.0,83.9
3.1,86.9,90.0,83.80000000000001
3.1500000000000004,86.85,90.0,83.69999999999999
3.2,86.8,90.0,83.6
3.25,86.75,90.0,83.5
3.3000000000000003,86.7,90.0,83.4
3.35,86.65,90.0,83.30000000000001
3.4000000000000004,86.6,90.0,83.19999999999999
3.45,86.55,90.0,83.1
3.5,86.5,90.0,83.0
3.5500000000000003,86.45,90.0,82.9
3.6,86.4,90.0,82.80000000000001
3.6500000000000004,86.35,90.0,82.69999999999999
3.7,86.3,90.0,82.6
3.75,86.25,90.0,82.5
3.8000000000000003,86.2,90.0,82.4
3.85,86.15,90.0,82.30000000000001
3.9000000000000004,86.1,90.0,82.19999999999999
3.95,86.05,90.0,82.1
4.0,86.0,90.0,82.0
4.05,85.95,90.0,81.9
4.1000000000000005,85.9,90.0,81.80000000000001
4.15,85.85,90.0,81.69999999999999
4.2,85.8,90.0,81.6
4.25,85.75,90.0,81.5
4.3,85.7,90.0,81.4
4.3500000000000005,85.65,90.0,81.30000000000001
4.4,85.6,90.0,81.19999999999999
4.45,85.55,90.0,81.1
4.5,85.5,90.0,81.0
4.55,85.45,90.0,80.9
4.6000000000000005,85.4,90.0,80.80000000000001
4.65,85.35,90.0,80.69999999999999
4.7,85.3,90.0,80.6
4.75,85.25,90.0,80.5
4.800000000000001,85.2,90.0,80.4
4.8500000000000005,85.15,90.0,80.30000000000001
4.9,85.1,90.0,80.19999999999999
4.95,85.05,90.0,80.1
5.0,85.0,90.0,80.0
5.050000000000001,84.95,90.0,79.9
5.1000000000000005,84.9,90.0,79.80000000000001
5.15,84.85,90.0,79.69999999999999
5.2,84.8,90.0,79.6
5.25,84.75,90.0,79.5
5.300000000000001,84.7,90.0,79.4
5.3500000000000005,84.65,90.0,79.30000000000001
5.4,84.6,90.0,79.19999999999999
5.45,84.55,90.0,79.1
5.5,84.5,90.0,79.0
5.550000000000001,84.45,90.0,78.9
5.6000000000000005,84.4,90.0,78.80000000000001
5.65,84.35,90.0,78.69999999999999
5.7,84.3,90.0,78.6
5.75,84.25,90.0,78.5
5.800000000000001,84.2,90.0,78.4
5.8500000000000005,84.15,90.0,78.30000000000001
5.9,84.1,90.0,78.19999999999999
5.95,84.05,90.0,78.1
6.0,84.0,90.0,78.0
6.050000000000001,83.95,90.0,77.9
6.1000000000000005,83.9,90.0,77.80000000000001
6.15,83.85,90.0,77.69999999999999
6.2,83.8,90.0,77.6
6.25,83.75,90.0,77.5
6.300000000000001,83.7,90.0,77.4
6.3500000000000005,83.65,90.0,77.30000000000001
6.4,83.6,90.0,77.19999999999999
6.45,83.55,90.0,77.1
6.5,83.5,90.0,77.0
6.550000000000001,83.45,90.0,76.9
6.6000000000000005,83.4,90.0,76.80000000000001
6.65,83.35,90.0,76.69999999999999
6.7,83.3,90.0,76.6
6.75,83.25,90.0,76.5
6.800000000000001,83.2,90.0,76.4
6.8500000000000005,83.15,90.0,76.30000000000001
6.9,83.1,90.0,76.19999999999999
6.95,83.05,90.0,76.1
7.0,83.0,90.0,76.0
7.050000000000001,82.95,90.0,75.9
7.1000000000000005,82.9,90.0,75.80000000000001
7.15,82.85,90.0,75.69999999999999
7.2,82.8,90.0,75.6
7.25,82.75,90.0,75.5
7.300000000000001,82.7,90.0,75.4
7.3500000000000005,82.65,90.0,75.30000000000001
7.4,82.6,90.0,75.19999999999999
7.45,82.55,90.0,75.1
7.5,82.5,90.0,75.0
7.550000000000001,82.45,90.0,74.9
7.6000000000000005,82.4,90.0,74.80000000000001
7.65,82.35,90.0,74.69999999999999
7.7,82.3,90.0,74.6
7.75,82.25,90.0,74.5
7.800000000000001,82.2,90.0,74.4
7.8500000000000005,82.15,90.0,74.30000000000001
7.9,82.1,90.0,74.19999999999999
7.95,82.05,90.0,74.1
8.0,82.0,90.0,74.0
8.05,81.95,90.0,73.9
8.1,81.9,90.0,73.80000000000001
8.15,81.85,90.0,73.69999999999999
8.200000000000001,81.8,90.0,73.6
8.25,81.75,90.0,73.5
8.3,81.7,90.0,73.4
8.35,81.65,90.0,73.30000000000001
8.4,81.6,90.0,73.19999999999999
8.450000000000001,81.55,90.0,73.1
8.5,81.5,90.0,73.0
8.55,81.45,90.0,72.9
8.6,81.4,90.0,72.80000000000001
8.65,81.35,90.0,72.69999999999999
8.700000000000001,81.3,90.0,72.6
8.75,81.25,90.0,72.5
8.8,81.2,90.0,72.4
8.85,81.15,90.0,72.30000000000001
8.9,81.1,90.0,72.19999999999999
8.950000000000001,81.05,90.0,72.1
9.0,81.0,90.0,72.0
9.05,80.95,90.0,71.9
9.1,80.9,90.0,71.80000000000001
9.15,80.85,90.0,71.69999999999999
9.200000000000001,80.8,90.0,71.6
9.25,80.75,90.0,71.5
9.3,80.7,90.0,71.4
9.35,80.65,90.0,71.30000000000001
9.4,80.6,90.0,71.19999999999999
9.450000000000001,80.55,90.0,71.1
9.5,80.5,90.0,71.0
9.55,80.45,90.0,70.9
9.600000000000001,80.4,90.0,70.80000000000001
9.65,80.35,90.0,70.69999999999999
9.700000000000001,80.3,90.0,70.6
9.75,80.25,90.0,70.5
9.8,80.2,90.0,70.4
9.850000000000001,80.15,90.0,70.30000000000001
9.9,80.1,90.0,70.19999999999999
9.950000000000001,80.05,90.0,70.1
10.0,80.0,90.0,70.0
10.05,79.95,90.0,69.9
10.100000000000001,79.9,90.0,69.80000000000001
10.15,79.85,90.0,69.69999999999999
10.200000000000001,79.8,90.0,69.6
10.25,79.75,90.0,69.5
10.3,79.7,90.0,69.4
10.350000000000001,79.65,90.0,69.30000000000001
10.4,79.6,90.0,69.19999999999999
10.450000000000001,79.55,90.0,69.1
10.5,79.5,90.0,69.0
10.55,79.45,90.0,68.9
10.600000000000001,79.4,90.0,68.80000000000001
10.65,79.35,90.0,68.69999999999999
10.700000000000001,79.3,90.0,68.6
10.75,79.25,90.0,68.5
10.8,79.2,90.0,68.4
10.850000000000001,79.15,90.0,68.30000000000001
10.9,79.1,90.0,68.19999999999999
10.950000000000001,79.05,90.0,68.1
11.0,79.0,90.0,68.0
11.05,78.95,90.0,67.9
11.100000000000001,78.9,90.0,67.80000000000001
11.15,78.85,90.0,67.69999999999999
11.200000000000001,78.8,90.0,67.6
11.25,78.75,90.0,67.5
11.3,78.7,90.0,67.4
11.350000000000001,78.65,90.0,67.30000000000001
11.4,78.6,90.0,67.19999999999999
11.450000000000001,78.55,90.0,67.1
11.5,78.5,90.0,67.0
11.55,78.45,90.0,66.9
11.600000000000001,78.4,90.0,66.80000000000001
11.65,78.35,90.0,66.69999999999999
11.700000000000001,78.3,90.0,66.6
11.75,78.25,90.0,66.5
11.8,78.2,90.0,66.4
11.850000000000001,78.15,90.0,66.30000000000001
11.9,78.1,90.0,66.19999999999999
11.950000000000001,78.05,90.0,66.1
12.0,78.0,90.0,66.0
12.05,77.95,90.0,65.9
12.100000000000001,77.9,90.0,65.80000000000001
12.15,77.85,90.0,65.69999999999999
12.200000000000001,77.8,90.0,65.6
12.25,77.75,90.0,65.5
12.3,77.7,90.0,65.4
12.350000000000001,77.65,90.0,65.30000000000001
12.4,77.6,90.0,65.19999999999999
12.450000000000001,77.55,90.0,65.1
12.5,77.5,90.0,65.0
12.55,77.45,90.0,64.9
12.600000000000001,77.4,90.0,64.80000000000001
12.65,77.35,90.0,64.69999999999999
12.700000000000001,77.3,90.0,64.6
12.75,77.25,90.0,64.5
12.8,77.2,90.0,64.4
12.850000000000001,77.15,90.0,64.30000000000001
12.9,77.1,90.0,64.19999999999999
12.950000000000001,77.05,90.0,64.1
13.0,77.0,90.0,64.0
13.05,76.95,90.0,63.900000000000006
13.100000000000001,76.9,90.0,63.800000000000004
13.15,76.85,90.0,63.699999999999996
13.200000000000001,76.8,90.0,63.599999999999994
13.25,76.75,90.0,63.5
13.3,76.7,90.0,63.400000000000006
13.350000000000001,76.65,90.0,63.300000000000004
13.4,76.6,90.0,63.199999999999996
13.450000000000001,76.55,90.0,63.099999999999994
13.5,76.5,90.0,63.0
13.55,76.45,90.0,62.900000000000006
13.600000000000001,76.4,90.0,62.800000000000004
13.65,76.35,90.0,62.699999999999996
13.700000000000001,76.3,90.0,62.599999999999994
13.75,76.25,90.0,62.5
13.8,76.2,90.0,62.400000000000006
13.850000000000001,76.15,90.0,62.300000000000004
13.9,76.1,90.0,62.199999999999996
13.950000000000001,76.05,90.0,62.099999999999994
14.0,76.0,90.0,62.0
14.05,75.95,90.0,61.900000000000006
14.100000000000001,75.9,90.0,61.800000000000004
14.15,75.85,90.0,61.699999999999996
14.200000000000001,75.8,90.0,61.599999999999994
14.25,75.75,90.0,61.5
14.3,75.7,90.0,61.400000000000006
14.350000000000001,75.65,90.0,61.300000000000004
14.4,75.6,90.0,61.199999999999996
14.450000000000001,75.55,90.0,61.099999999999994
14.5,75.5,90.0,61.0
14.55,75.45,90.0,60.900000000000006
14.600000000000001,75.4,90.0,60.800000000000004
14.65,75.35,90.0,60.699999999999996
14.700000000000001,75.3,90.0,60.599999999999994
14.75,75.25,90.0,60.5
14.8,75.2,90.0,60.400000000000006
14.850000000000001,75.15,90.0,60.300000000000004
14.9,75.1,90.0,60.199999999999996
14.950000000000001,75.05,90.0,60.099999999999994
15.0,75.0,90.0,60.0
15.05,74.95,90.0,59.900000000000006
15.100000000000001,74.9,90.0,59.800000000000004
15.15,74.85,90.0,59.699999999999996
15.200000000000001,74.8,90.0,59.599999999999994
15.25,74.75,90.0,59.5
15.3,74.7,90.0,59.400000000000006
15.350000000000001,74.65,90.0,59.300000000000004
15.4,74.6,90.0,59.199999999999996
15.450000000000001,74.55,90.0,59.099999999999994
15.5,74.5,90.0,59.0
15.55,74.45,90.0,58.900000000000006
15.600000000000001,74.4,90.0,58.800000000000004
15.65,74.35,90.0,58.699999999999996
15.700000000000001,74.3,90.0,58.599999999999994
15.75,74.25,90.0,58.5
15.8,74.2,90.0,58.400000000000006
15.850000000000001,74.15,90.0,58.300000000000004
15.9,74.1,90.0,58.199999999999996
15.950000000000001,74.05,90.0,58.099999999999994
16.0,74.0,90.0,58.0
16.05,73.95,90.0,57.900000000000006
16.1,73.9,90.0,57.800000000000004
16.150000000000002,73.85,90.0,57.69999999999999
16.2,73.8,90.0,57.599999999999994
16.25,73.75,90.0,57.5
16.3,73.7,90.0,57.400000000000006
16.35,73.65,90.0,57.300000000000004
16.400000000000002,73.6,90.0,57.19999999999999
16.45,73.55,90.0,57.099999999999994
16.5,73.5,90.0,57.0
16.55,73.45,90.0,56.900000000000006
16.6,73.4,90.0,56.800000000000004
16.650000000000002,73.35,90.0,56.69999999999999
16.7,73.3,90.0,56.599999999999994
16.75,73.25,90.0,56.5
16.8,73.2,90.0,56.400000000000006
16.85,73.15,90.0,56.300000000000004
16.900000000000002,73.1,90.0,56.19999999999999
16.95,73.05,90.0,56.099999999999994
17.0,73.0,90.0,56.0
17.05,72.95,90.0,55.900000000000006
17.1,72.9,90.0,55.800000000000004
17.150000000000002,72.85,90.0,55.69999999999999
17.2,72.8,90.0,55.599999999999994
17.25,72.75,90.0,55.5
17.3,72.7,90.0,55.400000000000006
17.35,72.65,90.0,55.300000000000004
17.400000000000002,72.6,90.0,55.19999999999999
17.45,72.55,90.0,55.099999999999994
17.5,72.5,90.0,55.0
17.55,72.45,90.0,54.900000000000006
17.6,72.4,90.0,54.800000000000004
17.650000000000002,72.35,90.0,54.69999999999999
17.7,72.3,90.0,54.599999999999994
17.75,72.25,90.0,54.5
17.8,72.2,90.0,54.400000000000006
17.85,72.15,90.0,54.300000000000004
17.900000000000002,72.1,90.0,54.19999999999999
17.95,72.05,90.0,54.099999999999994
18.0,72.0,90.0,54.0
18.05,71.95,90.0,53.900000000000006
18.1,71.9,90.0,53.800000000000004
18.150000000000002,71.85,90.0,53.69999999999999
18.2,71.8,90.0,53.599999999999994
18.25,71.75,90.0,53.5
18.3,71.7,90.0,53.400000000000006
18.35,71.65,90.0,53.300000000000004
18.400000000000002,71.6,90.0,53.19999999999999
18.45,71.55,90.0,53.099999999999994
18.5,71.5,90.0,53.0
18.55,71.45,90.0,52.900000000000006
18.6,71.4,90.0,52.800000000000004
18.650000000000002,71.35,90.0,52.69999999999999
18.7,71.3,90.0,52.599999999999994
18.75,71.25,90.0,52.5
18.8,71.2,90.0,52.400000000000006
18.85,71.15,90.0,52.300000000000004
18.900000000000002,71.1,90.0,52.19999999999999
18.95,71.05,90.0,52.099999999999994
19.0,71.0,90.0,52.0
19.05,70.95,90.0,51.900000000000006
19.1,70.9,90.0,51.800000000000004
19.150000000000002,70.85,90.0,51.69999999999999
19.200000000000003,70.8,90.0,51.599999999999994
19.25,70.75,90.0,51.5
19.3,70.7,90.0,51.400000000000006
19.35,70.65,90.0,51.300000000000004
19.400000000000002,70.6,90.0,51.19999999999999
19.450000000000003,70.55,90.0,51.099999999999994
19.5,70.5,90.0,51.0
19.55,70.45,90.0,50.900000000000006
19.6,70.4,90.0,50.800000000000004
19.650000000000002,70.35,90.0,50.69999999999999
19.700000000000003,70.3,90.0,50.599999999999994
19.75,70.25,90.0,50.5
19.8,70.2,90.0,50.400000000000006
19.85,70.15,90.0,50.300000000000004
19.900000000000002,70.1,90.0,50.19999999999999
19.950000000000003,70.05,90.0,50.099999999999994
20.0,70.0,90.0,50.0
20.05,69.95,90.0,49.900000000000006
20.1,69.9,90.0,49.800000000000004
20.150000000000002,69.85,90.0,49.69999999999999
20.200000000000003,69.8,90.0,49.599999999999994
20.25,69.75,90.0,49.5
20.3,69.7,90.0,49.400000000000006
20.35,69.65,90.0,49.300000000000004
20.400000000000002,69.6,90.0,49.19999999999999
20.450000000000003,69.55,90.0,49.099999999999994
20.5,69.5,90.0,49.0
20.55,69.45,90.0,48.900000000000006
20.6,69.4,90.0,48.800000000000004
20.650000000000002,69.35,90.0,48.69999999999999
20.700000000000003,69.3,90.0,48.599999999999994
20.75,69.25,90.0,48.5
20.8,69.2,90.0,48.400000000000006
20.85,69.15,90.0,48.300000000000004
20.900000000000002,69.1,90.0,48.19999999999999
20.950000000000003,69.05,90.0,48.099999999999994
21.0,69.0,90.0,48.0
21.05,68.95,90.0,47.900000000000006
21.1,68.9,90.0,47.800000000000004
21.150000000000002,68.85,90.0,47.69999999999999
21.200000000000003,68.8,90.0,47.599999999999994
21.25,68.75,90.0,47.5
21.3,68.7,90.0,47.400000000000006
21.35,68.65,90.0,47.300000000000004
21.400000000000002,68.6,90.0,47.19999999999999
21.450000000000003,68.55,90.0,47.099999999999994
21.5,68.5,90.0,47.0
21.55,68.45,90.0,46.900000000000006
21.6,68.4,90.0,46.800000000000004
21.650000000000002,68.35,90.0,46.69999999999999
21.700000000000003,68.3,90.0,46.599999999999994
21.75,68.25,90.0,46.5
21.8,68.2,90.0,46.400000000000006
21.85,68.15,90.0,46.300000000000004
21.900000000000002,68.1,90.0,46.19999999999999
21.950000000000003,68.05,90.0,46.099999999999994
22.0,68.0,90.0,46.0
22.05,67.95,90.0,45.900000000000006
22.1,67.9,90.0,45.800000000000004
22.150000000000002,67.85,90.0,45.69999999999999
22.200000000000003,67.8,90.0,45.599999999999994
22.25,67.75,90.0,45.5
22.3,67.7,90.0,45.400000000000006
22.35,67.65,90.0,45.300000000000004
22.400000000000002,67.6,90.0,45.19999999999999
22.450000000000003,67.55,90.0,45.099999999999994
22.5,67.5,90.0,45.0
22.55,67.45,90.0,44.900000000000006
22.6,67.4,90.0,44.800000000000004
22.650000000000002,67.35,90.0,44.69999999999999
22.700000000000003,67.3,90.0,44.599999999999994
22.75,67.25,90.0,44.5
22.8,67.2,90.0,44.400000000000006
22.85,67.15,90.0,44.300000000000004
22.900000000000002,67.1,90.0,44.19999999999999
22.950000000000003,67.05,90.0,44.099999999999994
23.0,67.0,90.0,44.0
23.05,66.95,90.0,43.900000000000006
23.1,66.9,90.0,43.800000000000004
23.150000000000002,66.85,90.0,43.69999999999999
23.200000000000003,66.8,90.0,43.599999999999994
23.25,66.75,90.0,43.5
23.3,66.7,90.0,43.400000000000006
23.35,66.65,90.0,43.300000000000004
23.400000000000002,66.6,90.0,43.19999999999999
23.450000000000003,66.55,90.0,43.099999999999994
23.5,66.5,90.0,43.0
23.55,66.45,90.0,42.900000000000006
23.6,66.4,90.0,42.800000000000004
23.650000000000002,66.35,90.0,42.69999999999999
23.700000000000003,66.3,90.0,42.599999999999994
23.75,66.25,90.0,42.5
23.8,66.2,90.0,42.400000000000006
23.85,66.15,90.0,42.300000000000004
23.900000000000002,66.1,90.0,42.19999999999999
23.950000000000003,66.05,90.0,42.099999999999994
24.0,66.0,90.0,42.0
24.05,65.95,90.0,41.900000000000006
24.1,65.9,90.0,41.800000000000004
24.150000000000002,65.85,90.0,41.69999999999999
24.200000000000003,65.8,90.0,41.599999999999994
24.25,65.75,90.0,41.5
24.3,65.7,90.0,41.400000000000006
24.35,65.65,90.0,41.300000000000004
24.400000000000002,65.6,90.0,41.19999999999999
24.450000000000003,65.55,90.0,41.099999999999994
24.5,65.5,90.0,41.0
24.55,65.45,90.0,40.900000000000006
24.6,65.4,90.0,40.800000000000004
24.650000000000002,65.35,90.0,40.69999999999999
24.700000000000003,65.3,90.0,40.599999999999994
24.75,65.25,90.0,40.5
24.8,65.2,90.0,40.400000000000006
24.85,65.15,90.0,40.300000000000004
24.900000000000002,65.1,90.0,40.19999999999999
24.950000000000003,65.05,90.0,40.099999999999994
25.0,65.0,90.0,40.0
25.05,64.95,90.0,39.900000000000006
25.1,64.9,90.0,39.800000000000004
25.150000000000002,64.85,90.0,39.69999999999999
25.200000000000003,64.8,90.0,39.599999999999994
25.25,64.75,90.0,39.5
25.3,64.7,90.0,39.400000000000006
25.35,64.65,90.0,39.300000000000004
25.400000000000002,64.6,90.0,39.19999999999999
25.450000000000003,64.55,90.0,39.099999999999994
25.5,64.5,90.0,39.0
25.55,64.45,90.0,38.900000000000006
25.6,64.4,90.0,38.800000000000004
25.650000000000002,64.35,90.0,38.69999999999999
25.700000000000003,64.3,90.0,38.599999999999994
25.75,64.25,90.0,38.5
25.8,64.2,90.0,38.400000000000006
25.85,64.15,90.0,38.300000000000004
25.900000000000002,64.1,90.0,38.19999999999999
25.950000000000003,64.05,90.0,38.099999999999994
26.0,64.0,90.0,38.0
26.05,63.95,90.0,37.900000000000006
26.1,63.9,90.0,37.8
26.150000000000002,63.849999999999994,90.0,37.69999999999999
26.200000000000003,63.8,90.0,37.599999999999994
26.25,63.75,90.0,37.5
26.3,63.7,90.0,37.400000000000006
26.35,63.65,90.0,37.3
26.400000000000002,63.599999999999994,90.0,37.19999999999999
26.450000000000003,63.55,90.0,37.099999999999994
26.5,63.5,90.0,37.0
26.55,63.45,90.0,36.900000000000006
26.6,63.4,90.0,36.8
26.650000000000002,63.349999999999994,90.0,36.69999999999999
26.700000000000003,63.3,90.0,36.599999999999994
26.75,63.25,90.0,36.5
26.8,63.2,90.0,36.400000000000006
26.85,63.15,90.0,36.3
26.900000000000002,63.099999999999994,90.0,36.19999999999999
26.950000000000003,63.05,90.0,36.099999999999994
27.0,63.0,90.0,36.0
27.05,62.95,90.0,35.900000000000006
27.1,62.9,90.0,35.8
27.150000000000002,62.849999999999994,90.0,35.69999999999999
27.200000000000003,62.8,90.0,35.599999999999994
27.25,62.75,90.0,35.5
27.3,62.7,90.0,35.400000000000006
27.35,62.65,90.0,35.3
27.400000000000002,62.599999999999994,90.0,35.19999999999999
27.450000000000003,62.55,90.0,35.099999999999994
27.5,62.5,90.0,35.0
27.55,62.45,90.0,34.900000000000006
27.6,62.4,90.0,34.8
27.650000000000002,62.349999999999994,90.0,34.69999999999999
27.700000000000003,62.3,90.0,34.599999999999994
27.75,62.25,90.0,34.5
27.8,62.2,90.0,34.400000000000006
27.85,62.15,90.0,34.3
27.900000000000002,62.099999999999994,90.0,34.19999999999999
27.950000000000003,62.05,90.0,34.099999999999994
28.0,62.0,90.0,34.0
28.05,61.95,90.0,33.900000000000006
28.1,61.9,90.0,33.8
28.150000000000002,61.849999999999994,90.0,33.69999999999999
28.200000000000003,61.8,90.0,33.599999999999994
28.25,61.75,90.0,33.5
28.3,61.7,90.0,33.400000000000006
28.35,61.65,90.0,33.3
28.400000000000002,61.599999999999994,90.0,33.19999999999999
28.450000000000003,61.55,90.0,33.099999999999994
28.5,61.5,90.0,33.0
28.55,61.45,90.0,32.900000000000006
28.6,61.4,90.0,32.8
28.650000000000002,61.349999999999994,90.0,32.69999999999999
28.700000000000003,61.3,90.0,32.599999999999994
28.75,61.25,90.0,32.5
28.8,61.2,90.0,32.400000000000006
28.85,61.15,90.0,32.3
28.900000000000002,61.099999999999994,90.0,32.19999999999999
28.950000000000003,61.05,90.0,32.099999999999994
29.0,61.0,90.0,32.0
29.05,60.95,90.0,31.900000000000002
29.1,60.9,90.0,31.799999999999997
29.150000000000002,60.849999999999994,90.0,31.699999999999992
29.200000000000003,60.8,90.0,31.599999999999994
29.25,60.75,90.0,31.5
29.3,60.7,90.0,31.400000000000002
29.35,60.65,90.0,31.299999999999997
29.400000000000002,60.599999999999994,90.0,31.199999999999992
29.450000000000003,60.55,90.0,31.099999999999994
29.5,60.5,90.0,31.0
29.55,60.45,90.0,30.900000000000002
29.6,60.4,90.0,30.799999999999997
29.650000000000002,60.349999999999994,90.0,30.699999999999992
29.700000000000003,60.3,90.0,30.599999999999994
29.75,60.25,90.0,30.5
29.8,60.2,90.0,30.400000000000002
29.85,60.15,90.0,30.299999999999997
29.900000000000002,60.099999999999994,90.0,30.199999999999992
29.950000000000003,60.05,90.0,30.099999999999994
30.0,60.0,90.0,30.0
30.05,59.95,90.0,29.900000000000002
30.1,59.9,90.0,29.799999999999997
30.150000000000002,59.849999999999994,90.0,29.699999999999992
30.200000000000003,59.8,90.0,29.599999999999994
30.25,59.75,90.0,29.5
30.3,59.7,90.0,29.400000000000002
30.35,59.65,90.0,29.299999999999997
30.400000000000002,59.599999999999994,90.0,29.199999999999992
30.450000000000003,59.55,90.0,29.099999999999994
30.5,59.5,90.0,29.0
30.55,59.45,90.0,28.900000000000002
30.6,59.4,90.0,28.799999999999997
30.650000000000002,59.349999999999994,90.0,28.699999999999992
30.700000000000003,59.3,90.0,28.599999999999994
30.75,59.25,90.0,28.5
30.8,59.2,90.0,28.400000000000002
30.85,59.15,90.0,28.299999999999997
30.900000000000002,59.099999999999994,90.0,28.199999999999992
30.950000000000003,59.05,90.0,28.099999999999994
31.0,59.0,90.0,28.0
31.05,58.95,90.0,27.900000000000002
31.1,58.9,90.0,27.799999999999997
31.150000000000002,58.849999999999994,90.0,27.699999999999992
31.200000000000003,58.8,90.0,27.599999999999994
31.25,58.75,90.0,27.5
31.3,58.7,90.0,27.400000000000002
31.35,58.65,90.0,27.299999999999997
31.400000000000002,58.599999999999994,90.0,27.199999999999992
31.450000000000003,58.55,90.0,27.099999999999994
31.5,58.5,90.0,27.0
31.55,58.45,90.0,26.900000000000002
31.6,58.4,90.0,26.799999999999997
31.650000000000002,58.349999999999994,90.0,26.699999999999992
31.700000000000003,58.3,90.0,26.599999999999994
31.75,58.25,90.0,26.5
31.8,58.2,90.0,26.400000000000002
31.85,58.15,90.0,26.299999999999997
31.900000000000002,58.099999999999994,90.0,26.199999999999992
31.950000000000003,58.05,90.0,26.099999999999994
32.0,58.0,90.0,26.0
32.050000000000004,57.949999999999996,90.0,25.89999999999999
32.1,57.9,90.0,25.799999999999997
32.15,57.85,90.0,25.700000000000003
32.2,57.8,90.0,25.599999999999994
32.25,57.75,90.0,25.5
32.300000000000004,57.699999999999996,90.0,25.39999999999999
32.35,57.65,90.0,25.299999999999997
32.4,57.6,90.0,25.200000000000003
32.45,57.55,90.0,25.099999999999994
32.5,57.5,90.0,25.0
32.550000000000004,57.449999999999996,90.0,24.89999999999999
32.6,57.4,90.0,24.799999999999997
32.65,57.35,90.0,24.700000000000003
32.7,57.3,90.0,24.599999999999994
32.75,57.25,90.0,24.5
32.800000000000004,57.199999999999996,90.0,24.39999999999999
32.85,57.15,90.0,24.299999999999997
32.9,57.1,90.0,24.200000000000003
32.95,57.05,90.0,24.099999999999994
33.0,57.0,90.0,24.0
33.050000000000004,56.949999999999996,90.0,23.89999999999999
33.1,56.9,90.0,23.799999999999997
33.15,56.85,90.0,23.700000000000003
33.2,56.8,90.0,23.599999999999994
33.25,56.75,90.0,23.5
33.300000000000004,56.699999999999996,90.0,23.39999999999999
33.35,56.65,90.0,23.299999999999997
33.4,56.6,90.0,23.200000000000003
33.45,56.55,90.0,23.099999999999994
33.5,56.5,90.0,23.0
33.550000000000004,56.449999999999996,90.0,22.89999999999999
33.6,56.4,90.0,22.799999999999997
33.65,56.35,90.0,22.700000000000003
33.7,56.3,90.0,22.599999999999994
33.75,56.25,90.0,22.5
33.800000000000004,56.199999999999996,90.0,22.39999999999999
33.85,56.15,90.0,22.299999999999997
33.9,56.1,90.0,22.200000000000003
33.95,56.05,90.0,22.099999999999994
34.0,56.0,90.0,22.0
34.050000000000004,55.949999999999996,90.0,21.89999999999999
34.1,55.9,90.0,21.799999999999997
34.15,55.85,90.0,21.700000000000003
34.2,55.8,90.0,21.599999999999994
34.25,55.75,90.0,21.5
34.300000000000004,55.699999999999996,90.0,21.39999999999999
34.35,55.65,90.0,21.299999999999997
34.4,55.6,90.0,21.200000000000003
34.45,55.55,90.0,21.099999999999994
34.5,55.5,90.0,21.0
34.550000000000004,55.449999999999996,90.0,20.89999999999999
34.6,55.4,90.0,20.799999999999997
34.65,55.35,90.0,20.700000000000003
34.7,55.3,90.0,20.599999999999994
34.75,55.25,90.0,20.5
34.800000000000004,55.199999999999996,90.0,20.39999999999999
34.85,55.15,90.0,20.299999999999997
34.9,55.1,90.0,20.200000000000003
34.95,55.05,90.0,20.099999999999994
35.0,55.0,90.0,20.0
35.050000000000004,54.949999999999996,90.0,19.89999999999999
35.1,54.9,90.0,19.799999999999997
35.15,54.85,90.0,19.700000000000003
35.2,54.8,90.0,19.599999999999994
35.25,54.75,90.0,19.5
35.300000000000004,54.699999999999996,90.0,19.39999999999999
35.35,54.65,90.0,19.299999999999997
35.4,54.6,90.0,19.200000000000003
35.45,54.55,90.0,19.099999999999994
35.5,54.5,90.0,19.0
35.550000000000004,54.449999999999996,90.0,18.89999999999999
35.6,54.4,90.0,18.799999999999997
35.65,54.35,90.0,18.700000000000003
35.7,54.3,90.0,18.599999999999994
35.75,54.25,90.0,18.5
35.800000000000004,54.199999999999996,90.0,18.39999999999999
35.85,54.15,90.0,18.299999999999997
35.9,54.1,90.0,18.200000000000003
35.95,54.05,90.0,18.099999999999994
36.0,54.0,90.0,18.0
36.050000000000004,53.949999999999996,90.0,17.89999999999999
36.1,53.9,90.0,17.799999999999997
36.15,53.85,90.0,17.700000000000003
36.2,53.8,90.0,17.599999999999994
36.25,53.75,90.0,17.5
36.300000000000004,53.699999999999996,90.0,17.39999999999999
36.35,53.65,90.0,17.299999999999997
36.4,53.6,90.0,17.200000000000003
36.45,53.55,90.0,17.099999999999994
36.5,53.5,90.0,17.0
36.550000000000004,53.449999999999996,90.0,16.89999999999999
36.6,53.4,90.0,16.799999999999997
36.65,53.35,90.0,16.700000000000003
36.7,53.3,90.0,16.599999999999994
36.75,53.25,90.0,16.5
36.800000000000004,53.199999999999996,90.0,16.39999999999999
36.85,53.15,90.0,16.299999999999997
36.9,53.1,90.0,16.200000000000003
36.95,53.05,90.0,16.099999999999994
37.0,53.0,90.0,16.0
37.050000000000004,52.949999999999996,90.0,15.899999999999991
37.1,52.9,90.0,15.799999999999997
37.15,52.85,90.0,15.700000000000003
37.2,52.8,90.0,15.599999999999994
37.25,52.75,90.0,15.5
37.300000000000004,52.699999999999996,90.0,15.399999999999991
37.35,52.65,90.0,15.299999999999997
37.4,52.6,90.0,15.200000000000003
37.45,52.55,90.0,15.099999999999994
37.5,52.5,90.0,15.0
37.550000000000004,52.449999999999996,90.0,14.899999999999991
37.6,52.4,90.0,14.799999999999997
37.65,52.35,90.0,14.700000000000003
37.7,52.3,90.0,14.599999999999994
37.75,52.25,90.0,14.5
37.800000000000004,52.199999999999996,90.0,14.399999999999991
37.85,52.15,90.0,14.299999999999997
37.9,52.1,90.0,14.200000000000003
37.95,52.05,90.0,14.099999999999994
38.0,52.0,90.0,14.0
38.050000000000004,51.949999999999996,90.0,13.899999999999991
38.1,51.9,90.0,13.799999999999997
38.15,51.85,90.0,13.700000000000003
38.2,51.8,90.0,13.599999999999994
38.25,51.75,90.0,13.5
38.300000000000004,51.699999999999996,90.0,13.399999999999991
38.35,51.65,90.0,13.299999999999997
38.400000000000006,51.599999999999994,90.0,13.199999999999989
38.45,51.55,90.0,13.099999999999994
38.5,51.5,90.0,13.0
38.550000000000004,51.449999999999996,90.0,12.899999999999991
38.6,51.4,90.0,12.799999999999997
38.650000000000006,51.349999999999994,90.0,12.699999999999989
38.7,51.3,90.0,12.599999999999994
38.75,51.25,90.0,12.5
38.800000000000004,51.199999999999996,90.0,12.399999999999991
38.85,51.15,90.0,12.299999999999997
38.900000000000006,51.099999999999994,90.0,12.199999999999989
38.95,51.05,90.0,12.099999999999994
39.0,51.0,90.0,12.0
39.050000000000004,50.949999999999996,90.0,11.899999999999991
39.1,50.9,90.0,11.799999999999997
39.150000000000006,50.849999999999994,90.0,11.699999999999989
39.2,50.8,90.0,11.599999999999994
39.25,50.75,90.0,11.5
39.300000000000004,50.699999999999996,90.0,11.399999999999991
39.35,50.65,90.0,11.299999999999997
39.400000000000006,50.599999999999994,90.0,11.199999999999989
39.45,50.55,90.0,11.099999999999994
39.5,50.5,90.0,11.0
39.550000000000004,50.449999999999996,90.0,10.899999999999991
39.6,50.4,90.0,10.799999999999997
39.650000000000006,50.349999999999994,90.0,10.699999999999989
39.7,50.3,90.0,10.599999999999994
39.75,50.25,90.0,10.5
39.800000000000004,50.199999999999996,90.0,10.399999999999991
39.85,50.15,90.0,10.299999999999997
39.900000000000006,50.099999999999994,90.0,10.199999999999989
39.95,50.05,90.0,10.099999999999994
40.0,50.0,90.0,10.0
40.050000000000004,49.949999999999996,90.0,9.899999999999991
40.1,49.9,90.0,9.799999999999997
40.150000000000006,49.849999999999994,90.0,9.699999999999989
40.2,49.8,90.0,9.599999999999994
40.25,49.75,90.0,9.5
40.300000000000004,49.699999999999996,90.0,9.399999999999991
40.35,49.65,90.0,9.299999999999997
40.400000000000006,49.599999999999994,90.0,9.199999999999989
40.45,49.55,90.0,9.099999999999994
40.5,49.5,90.0,9.0
40.550000000000004,49.449999999999996,90.0,8.899999999999991
40.6,49.4,90.0,8.799999999999997
40.650000000000006,49.349999999999994,90.0,8.699999999999989
40.7,49.3,90.0,8.599999999999994
40.75,49.25,90.0,8.5
40.800000000000004,49.199999999999996,90.0,8.399999999999991
40.85,49.15,90.0,8.299999999999997
40.900000000000006,49.099999999999994,90.0,8.199999999999989
40.95,49.05,90.0,8.099999999999994
41.0,49.0,90.0,8.0
41.050000000000004,48.949999999999996,90.0,7.8999999999999915
41.1,48.9,90.0,7.799999999999997
41.150000000000006,48.849999999999994,90.0,7.699999999999989
41.2,48.8,90.0,7.599999999999994
41.25,48.75,90.0,7.5
41.300000000000004,48.699999999999996,90.0,7.3999999999999915
41.35,48.65,90.0,7.299999999999997
41.400000000000006,48.599999999999994,90.0,7.199999999999989
41.45,48.55,90.0,7.099999999999994
41.5,48.5,90.0,7.0
41.550000000000004,48.449999999999996,90.0,6.8999999999999915
41.6,48.4,90.0,6.799999999999997
41.650000000000006,48.349999999999994,90.0,6.699999999999989
41.7,48.3,90.0,6.599999999999994
41.75,48.25,90.0,6.5
41.800000000000004,48.199999999999996,90.0,6.3999999999999915
41.85,48.15,90.0,6.299999999999997
41.900000000000006,48.099999999999994,90.0,6.199999999999989
41.95,48.05,90.0,6.099999999999994
42.0,48.0,90.0,6.0
42.050000000000004,47.949999999999996,90.0,5.8999999999999915
42.1,47.9,90.0,5.799999999999997
42.150000000000006,47.849999999999994,90.0,5.699999999999989
42.2,47.8,90.0,5.599999999999994
42.25,47.75,90.0,5.5
42.300000000000004,47.699999999999996,90.0,5.3999999999999915
42.35,47.65,90.0,5.299999999999997
42.400000000000006,47.599999999999994,90.0,5.199999999999989
42.45,47.55,90.0,5.099999999999994
42.5,47.5,90.0,5.0
42.550000000000004,47.449999999999996,90.0,4.8999999999999915
42.6,47.4,90.0,4.799999999999997
42.650000000000006,47.349999999999994,90.0,4.699999999999989
42.7,47.3,90.0,4.599999999999994
42.75,47.25,90.0,4.5
42.800000000000004,47.199999999999996,90.0,4.3999999999999915
42.85,47.15,90.0,4.299999999999997
42.900000000000006,47.099999999999994,90.0,4.199999999999989
42.95,47.05,90.0,4.099999999999994
43.0,47.0,90.0,4.0
43.050000000000004,46.949999999999996,90.0,3.8999999999999915
43.1,46.9,90.0,3.799999999999997
43.150000000000006,46.849999999999994,90.0,3.6999999999999886
43.2,46.8,90.0,3.5999999999999943
43.25,46.75,90.0,3.5
43.300000000000004,46.699999999999996,90.0,3.3999999999999915
43.35,46.65,90.0,3.299999999999997
43.400000000000006,46.599999999999994,90.0,3.1999999999999886
43.45,46.55,90.0,3.0999999999999943
43.5,46.5,90.0,3.0
43.550000000000004,46.449999999999996,90.0,2.8999999999999915
43.6,46.4,90.0,2.799999999999997
43.650000000000006,46.349999999999994,90.0,2.6999999999999886
43.7,46.3,90.0,2.5999999999999943
43.75,46.25,90.0,2.5
43.800000000000004,46.199999999999996,90.0,2.3999999999999915
43.85,46.15,90.0,2.299999999999997
43.900000000000006,46.099999999999994,90.0,2.1999999999999886
43.95,46.05,90.0,2.0999999999999943
44.0,46.0,90.0,2.0
44.050000000000004,45.949999999999996,90.0,1.8999999999999915
44.1,45.9,90.0,1.7999999999999972
44.150000000000006,45.849999999999994,90.0,1.6999999999999886
44.2,45.8,90.0,1.5999999999999943
44.25,45.75,90.0,1.5
44.300000000000004,45.699999999999996,90.0,1.3999999999999915
44.35,45.65,90.0,1.2999999999999972
44.400000000000006,45.599999999999994,90.0,1.1999999999999886
44.45,45.55,90.0,1.0999999999999943
44.5,45.5,90.0,1.0
44.550000000000004,45.449999999999996,90.0,0.8999999999999915
44.6,45.4,90.0,0.7999999999999972
44.650000000000006,45.349999999999994,90.0,0.6999999999999886
44.7,45.3,90.0,0.5999999999999943
44.75,45.25,90.0,0.5
44.800000000000004,45.199999999999996,90.0,0.3999999999999915
44.85,45.15,90.0,0.29999999999999716
44.900000000000006,45.099999999999994,90.0,0.19999999999998863
44.95,45.05,90.0,0.09999999999999432
45.0,45.0,90.0,0.0
45.050000000000004,44.949999999999996,90.0,0.10000000000000853
45.1,44.9,90.0,0.20000000000000284
45.150000000000006,44.849999999999994,90.0,0.30000000000001137
45.2,44.8,90.0,0.4000000000000057
45.25,44.75,90.0,0.5
45.300000000000004,44.699999999999996,90.0,0.6000000000000085
45.35,44.65,90.0,0.7000000000000028
45.400000000000006,44.599999999999994,90.0,0.8000000000000114
45.45,44.55,90.0,0.9000000000000057
45.5,44.5,90.0,1.0
45.550000000000004,44.449999999999996,90.0,1.1000000000000085
45.6,44.4,90.0,1.2000000000000028
45.650000000000006,44.349999999999994,90.0,1.3000000000000114
45.7,44.3,90.0,1.4000000000000057
45.75,44.25,90.0,1.5
45.800000000000004,44.199999999999996,90.0,1.6000000000000085
45.85,44.15,90.0,1.7000000000000028
45.900000000000006,44.099999999999994,90.0,1.8000000000000114
45.95,44.05,90.0,1.9000000000000057
46.0,44.0,90.0,2.0
46.050000000000004,43.949999999999996,90.0,2.1000000000000085
46.1,43.9,90.0,2.200000000000003
46.150000000000006,43.849999999999994,90.0,2.3000000000000114
46.2,43.8,90.0,2.4000000000000057
46.25,43.75,90.0,2.5
46.300000000000004,43.699999999999996,90.0,2.6000000000000085
46.35,43.65,90.0,2.700000000000003
46.400000000000006,43.599999999999994,90.0,2.8000000000000114
46.45,43.55,90.0,2.9000000000000057
46.5,43.5,90.0,3.0
46.550000000000004,43.449999999999996,90.0,3.1000000000000085
46.6,43.4,90.0,3.200000000000003
46.650000000000006,43.349999999999994,90.0,3.3000000000000114
46.7,43.3,90.0,3.4000000000000057
46.75,43.25,90.0,3.5
46.800000000000004,43.199999999999996,90.0,3.6000000000000085
46.85,43.15,90.0,3.700000000000003
46.900000000000006,43.099999999999994,90.0,3.8000000000000114
46.95,43.05,90.0,3.9000000000000057
47.0,43.0,90.0,4.0
47.050000000000004,42.949999999999996,90.0,4.1000000000000085
47.1,42.9,90.0,4.200000000000003
47.150000000000006,42.849999999999994,90.0,4.300000000000011
47.2,42.8,90.0,4.400000000000006
47.25,42.75,90.0,4.5
47.300000000000004,42.699999999999996,90.0,4.6000000000000085
47.35,42.65,90.0,4.700000000000003
47.400000000000006,42.599999999999994,90.0,4.800000000000011
47.45,42.55,90.0,4.900000000000006
47.5,42.5,90.0,5.0
47.550000000000004,42.449999999999996,90.0,5.1000000000000085
47.6,42.4,90.0,5.200000000000003
47.650000000000006,42.349999999999994,90.0,5.300000000000011
47.7,42.3,90.0,5.400000000000006
47.75,42.25,90.0,5.5
47.800000000000004,42.199999999999996,90.0,5.6000000000000085
47.85,42.15,90.0,5.700000000000003
47.900000000000006,42.099999999999994,90.0,5.800000000000011
47.95,42.05,90.0,5.900000000000006
48.0,42.0,90.0,6.0
48.050000000000004,41.949999999999996,90.0,6.1000000000000085
48.1,41.9,90.0,6.200000000000003
48.150000000000006,41.849999999999994,90.0,6.300000000000011
48.2,41.8,90.0,6.400000000000006
48.25,41.75,90.0,6.5
48.300000000000004,41.699999999999996,90.0,6.6000000000000085
48.35,41.65,90.0,6.700000000000003
48.400000000000006,41.599999999999994,90.0,6.800000000000011
48.45,41.55,90.0,6.900000000000006
48.5,41.5,90.0,7.0
48.550000000000004,41.449999999999996,90.0,7.1000000000000085
48.6,41.4,90.0,7.200000000000003
48.650000000000006,41.349999999999994,90.0,7.300000000000011
48.7,41.3,90.0,7.400000000000006
48.75,41.25,90.0,7.5
48.800000000000004,41.199999999999996,90.0,7.6000000000000085
48.85,41.15,90.0,7.700000000000003
48.900000000000006,41.099999999999994,90.0,7.800000000000011
48.95,41.05,90.0,7.900000000000006
49.0,41.0,90.0,8.0
49.050000000000004,40.949999999999996,90.0,8.100000000000009
49.1,40.9,90.0,8.200000000000003
49.150000000000006,40.849999999999994,90.0,8.300000000000011
49.2,40.8,90.0,8.400000000000006
49.25,40.75,90.0,8.5
49.300000000000004,40.699999999999996,90.0,8.600000000000009
49.35,40.65,90.0,8.700000000000003
49.400000000000006,40.599999999999994,90.0,8.800000000000011
49.45,40.55,90.0,8.900000000000006
49.5,40.5,90.0,9.0
49.550000000000004,40.449999999999996,90.0,9.100000000000009
49.6,40.4,90.0,9.200000000000003
49.650000000000006,40.349999999999994,90.0,9.300000000000011
49.7,40.3,90.0,9.400000000000006
49.75,40.25,90.0,9.5
49.800000000000004,40.199999999999996,90.0,9.600000000000009
49.85,40.15,90.0,9.700000000000003
49.900000000000006,40.099999999999994,90.0,9.800000000000011
49.95,40.05,90.0,9.900000000000006
50.0,40.0,90.0,10.0
50.050000000000004,39.949999999999996,90.0,10.100000000000009
50.1,39.9,90.0,10.200000000000003
50.150000000000006,39.849999999999994,90.0,10.300000000000011
50.2,39.8,90.0,10.400000000000006
50.25,39.75,90.0,10.5
50.300000000000004,39.699999999999996,90.0,10.600000000000009
50.35,39.65,90.0,10.700000000000003
50.400000000000006,39.599999999999994,90.0,10.800000000000011
50.45,39.55,90.0,10.900000000000006
50.5,39.5,90.0,11.0
50.550000000000004,39.449999999999996,90.0,11.100000000000009
50.6,39.4,90.0,11.200000000000003
50.650000000000006,39.349999999999994,90.0,11.300000000000011
50.7,39.3,90.0,11.400000000000006
50.75,39.25,90.0,11.5
50.800000000000004,39.199999999999996,90.0,11.600000000000009
50.85,39.15,90.0,11.700000000000003
50.900000000000006,39.099999999999994,90.0,11.800000000000011
50.95,39.05,90.0,11.900000000000006
51.0,39.0,90.0,12.0
51.050000000000004,38.949999999999996,90.0,12.100000000000009
51.1,38.9,90.0,12.200000000000003
51.150000000000006,38.849999999999994,90.0,12.300000000000011
51.2,38.8,90.0,12.400000000000006
51.25,38.75,90.0,12.5
51.300000000000004,38.699999999999996,90.0,12.600000000000009
51.35,38.65,90.0,12.700000000000003
51.400000000000006,38.599999999999994,90.0,12.800000000000011
51.45,38.55,90.0,12.900000000000006
51.5,38.5,90.0,13.0
51.550000000000004,38.449999999999996,90.0,13.100000000000009
51.6,38.4,90.0,13.200000000000003
51.650000000000006,38.349999999999994,90.0,13.300000000000011
51.7,38.3,90.0,13.400000000000006
51.75,38.25,90.0,13.5
51.800000000000004,38.199999999999996,90.0,13.600000000000009
51.85,38.15,90.0,13.700000000000003
51.900000000000006,38.099999999999994,90.0,13.800000000000011
51.95,38.05,90.0,13.900000000000006
52.0,38.0,90.0,14.0
52.050000000000004,37.949999999999996,90.0,14.100000000000009
52.1,37.9,90.0,14.200000000000003
52.150000000000006,37.849999999999994,90.0,14.300000000000011
52.2,37.8,90.0,14.400000000000006
52.25,37.75,90.0,14.5
52.300000000000004,37.699999999999996,90.0,14.600000000000009
52.35,37.65,90.0,14.700000000000003
52.400000000000006,37.599999999999994,90.0,14.800000000000011
52.45,37.55,90.0,14.900000000000006
52.5,37.5,90.0,15.0
52.550000000000004,37.449999999999996,90.0,15.100000000000009
52.6,37.4,90.0,15.200000000000003
52.650000000000006,37.349999999999994,90.0,15.300000000000011
52.7,37.3,90.0,15.400000000000006
52.75,37.25,90.0,15.5
52.800000000000004,37.199999999999996,90.0,15.600000000000009
52.85,37.15,90.0,15.700000000000003
52.900000000000006,37.099999999999994,90.0,15.800000000000011
52.95,37.05,90.0,15.900000000000006
53.0,37.0,90.0,16.0
53.050000000000004,36.949999999999996,90.0,16.10000000000001
53.1,36.9,90.0,16.200000000000003
53.150000000000006,36.849999999999994,90.0,16.30000000000001
53.2,36.8,90.0,16.400000000000006
53.25,36.75,90.0,16.5
53.300000000000004,36.699999999999996,90.0,16.60000000000001
53.35,36.65,90.0,16.700000000000003
53.400000000000006,36.599999999999994,90.0,16.80000000000001
53.45,36.55,90.0,16.900000000000006
53.5,36.5,90.0,17.0
53.550000000000004,36.449999999999996,90.0,17.10000000000001
53.6,36.4,90.0,17.200000000000003
53.650000000000006,36.349999999999994,90.0,17.30000000000001
53.7,36.3,90.0,17.400000000000006
53.75,36.25,90.0,17.5
53.800000000000004,36.199999999999996,90.0,17.60000000000001
53.85,36.15,90.0,17.700000000000003
53.900000000000006,36.099999999999994,90.0,17.80000000000001
53.95,36.05,90.0,17.900000000000006
54.0,36.0,90.0,18.0
54.050000000000004,35.949999999999996,90.0,18.10000000000001
54.1,35.9,90.0,18.200000000000003
54.150000000000006,35.849999999999994,90.0,18.30000000000001
54.2,35.8,90.0,18.400000000000006
54.25,35.75,90.0,18.5
54.300000000000004,35.699999999999996,90.0,18.60000000000001
54.35,35.65,90.0,18.700000000000003
54.400000000000006,35.599999999999994,90.0,18.80000000000001
54.45,35.55,90.0,18.900000000000006
54.5,35.5,90.0,19.0
54.550000000000004,35.449999999999996,90.0,19.10000000000001
54.6,35.4,90.0,19.200000000000003
54.650000000000006,35.349999999999994,90.0,19.30000000000001
54.7,35.3,90.0,19.400000000000006
54.75,35.25,90.0,19.5
54.800000000000004,35.199999999999996,90.0,19.60000000000001
54.85,35.15,90.0,19.700000000000003
54.900000000000006,35.099999999999994,90.0,19.80000000000001
54.95,35.05,90.0,19.900000000000006
55.0,35.0,90.0,20.0
55.050000000000004,34.949999999999996,90.0,20.10000000000001
55.1,34.9,90.0,20.200000000000003
55.150000000000006,34.849999999999994,90.0,20.30000000000001
55.2,34.8,90.0,20.400000000000006
55.25,34.75,90.0,20.5
55.300000000000004,34.699999999999996,90.0,20.60000000000001
55.35,34.65,90.0,20.700000000000003
55.400000000000006,34.599999999999994,90.0,20.80000000000001
55.45,34.55,90.0,20.900000000000006
55.5,34.5,90.0,21.0
55.550000000000004,34.449999999999996,90.0,21.10000000000001
55.6,34.4,90.0,21.200000000000003
55.650000000000006,34.349999999999994,90.0,21.30000000000001
55.7,34.3,90.0,21.400000000000006
55.75,34.25,90.0,21.5
55.800000000000004,34.199999999999996,90.0,21.60000000000001
55.85,34.15,90.0,21.700000000000003
55.900000000000006,34.099999999999994,90.0,21.80000000000001
55.95,34.05,90.0,21.900000000000006
56.0,34.0,90.0,22.0
56.050000000000004,33.949999999999996,90.0,22.10000000000001
56.1,33.9,90.0,22.200000000000003
56.150000000000006,33.849999999999994,90.0,22.30000000000001
56.2,33.8,90.0,22.400000000000006
56.25,33.75,90.0,22.5
56.300000000000004,33.699999999999996,90.0,22.60000000000001
56.35,33.65,90.0,22.700000000000003
56.400000000000006,33.599999999999994,90.0,22.80000000000001
56.45,33.55,90.0,22.900000000000006
56.5,33.5,90.0,23.0
56.550000000000004,33.449999999999996,90.0,23.10000000000001
56.6,33.4,90.0,23.200000000000003
56.650000000000006,33.349999999999994,90.0,23.30000000000001
56.7,33.3,90.0,23.400000000000006
56.75,33.25,90.0,23.5
56.800000000000004,33.199999999999996,90.0,23.60000000000001
56.85,33.15,90.0,23.700000000000003
56.900000000000006,33.099999999999994,90.0,23.80000000000001
56.95,33.05,90.0,23.900000000000006
57.0,33.0,90.0,24.0
57.050000000000004,32.949999999999996,90.0,24.10000000000001
57.1,32.9,90.0,24.200000000000003
57.150000000000006,32.849999999999994,90.0,24.30000000000001
57.2,32.8,90.0,24.400000000000006
57.25,32.75,90.0,24.5
57.300000000000004,32.699999999999996,90.0,24.60000000000001
57.35,32.65,90.0,24.700000000000003
57.400000000000006,32.599999999999994,90.0,24.80000000000001
57.45,32.55,90.0,24.900000000000006
57.5,32.5,90.0,25.0
57.550000000000004,32.449999999999996,90.0,25.10000000000001
57.6,32.4,90.0,25.200000000000003
57.650000000000006,32.349999999999994,90.0,25.30000000000001
57.7,32.3,90.0,25.400000000000006
57.75,32.25,90.0,25.5
57.800000000000004,32.199999999999996,90.0,25.60000000000001
57.85,32.15,90.0,25.700000000000003
57.900000000000006,32.099999999999994,90.0,25.80000000000001
57.95,32.05,90.0,25.900000000000006
58.0,32.0,90.0,26.0
58.050000000000004,31.949999999999996,90.0,26.10000000000001
58.1,31.9,90.0,26.200000000000003
58.150000000000006,31.849999999999994,90.0,26.30000000000001
58.2,31.799999999999997,90.0,26.400000000000006
58.25,31.75,90.0,26.5
58.300000000000004,31.699999999999996,90.0,26.60000000000001
58.35,31.65,90.0,26.700000000000003
58.400000000000006,31.599999999999994,90.0,26.80000000000001
58.45,31.549999999999997,90.0,26.900000000000006
58.5,31.5,90.0,27.0
58.550000000000004,31.449999999999996,90.0,27.10000000000001
58.6,31.4,90.0,27.200000000000003
58.650000000000006,31.349999999999994,90.0,27.30000000000001
58.7,31.299999999999997,90.0,27.400000000000006
58.75,31.25,90.0,27.5
58.800000000000004,31.199999999999996,90.0,27.60000000000001
58.85,31.15,90.0,27.700000000000003
58.900000000000006,31.099999999999994,90.0,27.80000000000001
58.95,31.049999999999997,90.0,27.900000000000006
59.0,31.0,90.0,28.0
59.050000000000004,30.949999999999996,90.0,28.10000000000001
59.1,30.9,90.0,28.200000000000003
59.150000000000006,30.849999999999994,90.0,28.30000000000001
59.2,30.799999999999997,90.0,28.400000000000006
59.25,30.75,90.0,28.5
59.300000000000004,30.699999999999996,90.0,28.60000000000001
59.35,30.65,90.0,28.700000000000003
59.400000000000006,30.599999999999994,90.0,28.80000000000001
59.45,30.549999999999997,90.0,28.900000000000006
59.5,30.5,90.0,29.0
59.550000000000004,30.449999999999996,90.0,29.10000000000001
59.6,30.4,90.0,29.200000000000003
59.650000000000006,30.349999999999994,90.0,29.30000000000001
59.7,30.299999999999997,90.0,29.400000000000006
59.75,30.25,90.0,29.5
59.800000000000004,30.199999999999996,90.0,29.60000000000001
59.85,30.15,90.0,29.700000000000003
59.900000000000006,30.099999999999994,90.0,29.80000000000001
59.95,30.049999999999997,90.0,29.900000000000006
60.0,30.0,90.0,30.0
60.050000000000004,29.949999999999996,90.0,30.10000000000001
60.1,29.9,90.0,30.200000000000003
60.150000000000006,29.849999999999994,90.0,30.30000000000001
60.2,29.799999999999997,90.0,30.400000000000006
60.25,29.75,90.0,30.5
60.300000000000004,29.699999999999996,90.0,30.60000000000001
60.35,29.65,90.0,30.700000000000003
60.400000000000006,29.599999999999994,90.0,30.80000000000001
60.45,29.549999999999997,90.0,30.900000000000006
60.5,29.5,90.0,31.0
60.550000000000004,29.449999999999996,90.0,31.10000000000001
60.6,29.4,90.0,31.200000000000003
60.650000000000006,29.349999999999994,90.0,31.30000000000001
60.7,29.299999999999997,90.0,31.400000000000006
60.75,29.25,90.0,31.5
60.800000000000004,29.199999999999996,90.0,31.60000000000001
60.85,29.15,90.0,31.700000000000003
60.900000000000006,29.099999999999994,90.0,31.80000000000001
60.95,29.049999999999997,90.0,31.900000000000006
61.0,29.0,90.0,32.0
61.050000000000004,28.949999999999996,90.0,32.10000000000001
61.1,28.9,90.0,32.2
61.150000000000006,28.849999999999994,90.0,32.30000000000001
61.2,28.799999999999997,90.0,32.400000000000006
61.25,28.75,90.0,32.5
61.300000000000004,28.699999999999996,90.0,32.60000000000001
61.35,28.65,90.0,32.7
61.400000000000006,28.599999999999994,90.0,32.80000000000001
61.45,28.549999999999997,90.0,32.900000000000006
61.5,28.5,90.0,33.0
61.550000000000004,28.449999999999996,90.0,33.10000000000001
61.6,28.4,90.0,33.2
61.650000000000006,28.349999999999994,90.0,33.30000000000001
61.7,28.299999999999997,90.0,33.400000000000006
61.75,28.25,90.0,33.5
61.800000000000004,28.199999999999996,90.0,33.60000000000001
61.85,28.15,90.0,33.7
61.900000000000006,28.099999999999994,90.0,33.80000000000001
61.95,28.049999999999997,90.0,33.900000000000006
62.0,28.0,90.0,34.0
62.050000000000004,27.949999999999996,90.0,34.10000000000001
62.1,27.9,90.0,34.2
62.150000000000006,27.849999999999994,90.0,34.30000000000001
62.2,27.799999999999997,90.0,34.400000000000006
62.25,27.75,90.0,34.5
62.300000000000004,27.699999999999996,90.0,34.60000000000001
62.35,27.65,90.0,34.7
62.400000000000006,27.599999999999994,90.0,34.80000000000001
62.45,27.549999999999997,90.0,34.900000000000006
62.5,27.5,90.0,35.0
62.550000000000004,27.449999999999996,90.0,35.10000000000001
62.6,27.4,90.0,35.2
62.650000000000006,27.349999999999994,90.0,35.30000000000001
62.7,27.299999999999997,90.0,35.400000000000006
62.75,27.25,90.0,35.5
62.800000000000004,27.199999999999996,90.0,35.60000000000001
62.85,27.15,90.0,35.7
62.900000000000006,27.099999999999994,90.0,35.80000000000001
62.95,27.049999999999997,90.0,35.900000000000006
63.0,27.0,90.0,36.0
63.050000000000004,26.949999999999996,90.0,36.10000000000001
63.1,26.9,90.0,36.2
63.150000000000006,26.849999999999994,90.0,36.30000000000001
63.2,26.799999999999997,90.0,36.400000000000006
63.25,26.75,90.0,36.5
63.300000000000004,26.699999999999996,90.0,36.60000000000001
63.35,26.65,90.0,36.7
63.400000000000006,26.599999999999994,90.0,36.80000000000001
63.45,26.549999999999997,90.0,36.900000000000006
63.5,26.5,90.0,37.0
63.550000000000004,26.449999999999996,90.0,37.10000000000001
63.6,26.4,90.0,37.2
63.650000000000006,26.349999999999994,90.0,37.30000000000001
63.7,26.299999999999997,90.0,37.400000000000006
63.75,26.25,90.0,37.5
63.800000000000004,26.199999999999996,90.0,37.60000000000001
63.85,26.15,90.0,37.7
63.900000000000006,26.099999999999994,90.0,37.80000000000001
63.95,26.049999999999997,90.0,37.900000000000006
64.0,26.0,90.0,38.0
64.05,25.950000000000003,90.0,38.099999999999994
64.10000000000001,25.89999999999999,90.0,38.20000000000002
64.15,25.849999999999994,90.0,38.30000000000001
64.2,25.799999999999997,90.0,38.400000000000006
64.25,25.75,90.0,38.5
64.3,25.700000000000003,90.0,38.599999999999994
64.35000000000001,25.64999999999999,90.0,38.70000000000002
64.4,25.599999999999994,90.0,38.80000000000001
64.45,25.549999999999997,90.0,38.900000000000006
64.5,25.5,90.0,39.0
64.55,25.450000000000003,90.0,39.099999999999994
64.60000000000001,25.39999999999999,90.0,39.20000000000002
64.65,25.349999999999994,90.0,39.30000000000001
64.7,25.299999999999997,90.0,39.400000000000006
64.75,25.25,90.0,39.5
64.8,25.200000000000003,90.0,39.599999999999994
64.85000000000001,25.14999999999999,90.0,39.70000000000002
64.9,25.099999999999994,90.0,39.80000000000001
64.95,25.049999999999997,90.0,39.900000000000006
65.0,25.0,90.0,40.0
65.05,24.950000000000003,90.0,40.099999999999994
65.10000000000001,24.89999999999999,90.0,40.20000000000002
65.15,24.849999999999994,90.0,40.30000000000001
65.2,24.799999999999997,90.0,40.400000000000006
65.25,24.75,90.0,40.5
65.3,24.700000000000003,90.0,40.599999999999994
65.35000000000001,24.64999999999999,90.0,40.70000000000002
65.4,24.599999999999994,90.0,40.80000000000001
65.45,24.549999999999997,90.0,40.900000000000006
65.5,24.5,90.0,41.0
65.55,24.450000000000003,90.0,41.099999999999994
65.60000000000001,24.39999999999999,90.0,41.20000000000002
65.65,24.349999999999994,90.0,41.30000000000001
65.7,24.299999999999997,90.0,41.400000000000006
65.75,24.25,90.0,41.5
65.8,24.200000000000003,90.0,41.599999999999994
65.85000000000001,24.14999999999999,90.0,41.70000000000002
65.9,24.099999999999994,90.0,41.80000000000001
65.95,24.049999999999997,90.0,41.900000000000006
66.0,24.0,90.0,42.0
66.05,23.950000000000003,90.0,42.099999999999994
66.10000000000001,23.89999999999999,90.0,42.20000000000002
66.15,23.849999999999994,90.0,42.30000000000001
66.2,23.799999999999997,90.0,42.400000000000006
66.25,23.75,90.0,42.5
66.3,23.700000000000003,90.0,42.599999999999994
66.35000000000001,23.64999999999999,90.0,42.70000000000002
66.4,23.599999999999994,90.0,42.80000000000001
66.45,23.549999999999997,90.0,42.900000000000006
66.5,23.5,90.0,43.0
66.55,23.450000000000003,90.0,43.099999999999994
66.60000000000001,23.39999999999999,90.0,43.20000000000002
66.65,23.349999999999994,90.0,43.30000000000001
66.7,23.299999999999997,90.0,43.400000000000006
66.75,23.25,90.0,43.5
66.8,23.200000000000003,90.0,43.599999999999994
66.85000000000001,23.14999999999999,90.0,43.70000000000002
66.9,23.099999999999994,90.0,43.80000000000001
66.95,23.049999999999997,90.0,43.900000000000006
67.0,23.0,90.0,44.0
67.05,22.950000000000003,90.0,44.099999999999994
67.10000000000001,22.89999999999999,90.0,44.20000000000002
67.15,22.849999999999994,90.0,44.30000000000001
67.2,22.799999999999997,90.0,44.400000000000006
67.25,22.75,90.0,44.5
67.3,22.700000000000003,90.0,44.599999999999994
67.35000000000001,22.64999999999999,90.0,44.70000000000002
67.4,22.599999999999994,90.0,44.80000000000001
67.45,22.549999999999997,90.0,44.900000000000006
67.5,22.5,90.0,45.0
67.55,22.450000000000003,90.0,45.099999999999994
67.60000000000001,22.39999999999999,90.0,45.20000000000002
67.65,22.349999999999994,90.0,45.30000000000001
67.7,22.299999999999997,90.0,45.400000000000006
67.75,22.25,90.0,45.5
67.8,22.200000000000003,90.0,45.599999999999994
67.85000000000001,22.14999999999999,90.0,45.70000000000002
67.9,22.099999999999994,90.0,45.80000000000001
67.95,22.049999999999997,90.0,45.900000000000006
68.0,22.0,90.0,46.0
68.05,21.950000000000003,90.0,46.099999999999994
68.10000000000001,21.89999999999999,90.0,46.20000000000002
68.15,21.849999999999994,90.0,46.30000000000001
68.2,21.799999999999997,90.0,46.400000000000006
68.25,21.75,90.0,46.5
68.3,21.700000000000003,90.0,46.599999999999994
68.35000000000001,21.64999999999999,90.0,46.70000000000002
68.4,21.599999999999994,90.0,46.80000000000001
68.45,21.549999999999997,90.0,46.900000000000006
68.5,21.5,90.0,47.0
68.55,21.450000000000003,90.0,47.099999999999994
68.60000000000001,21.39999999999999,90.0,47.20000000000002
68.65,21.349999999999994,90.0,47.30000000000001
68.7,21.299999999999997,90.0,47.400000000000006
68.75,21.25,90.0,47.5
68.8,21.200000000000003,90.0,47.599999999999994
68.85000000000001,21.14999999999999,90.0,47.70000000000002
68.9,21.099999999999994,90.0,47.80000000000001
68.95,21.049999999999997,90.0,47.900000000000006
69.0,21.0,90.0,48.0
69.05,20.950000000000003,90.0,48.099999999999994
69.10000000000001,20.89999999999999,90.0,48.20000000000002
69.15,20.849999999999994,90.0,48.30000000000001
69.2,20.799999999999997,90.0,48.400000000000006
69.25,20.75,90.0,48.5
69.3,20.700000000000003,90.0,48.599999999999994
69.35000000000001,20.64999999999999,90.0,48.70000000000002
69.4,20.599999999999994,90.0,48.80000000000001
69.45,20.549999999999997,90.0,48.900000000000006
69.5,20.5,90.0,49.0
69.55,20.450000000000003,90.0,49.099999999999994
69.60000000000001,20.39999999999999,90.0,49.20000000000002
69.65,20.349999999999994,90.0,49.30000000000001
69.7,20.299999999999997,90.0,49.400000000000006
69.75,20.25,90.0,49.5
69.8,20.200000000000003,90.0,49.599999999999994
69.85000000000001,20.14999999999999,90.0,49.70000000000002
69.9,20.099999999999994,90.0,49.80000000000001
69.95,20.049999999999997,90.0,49.900000000000006
70.0,20.0,90.0,50.0
70.05,19.950000000000003,90.0,50.099999999999994
70.10000000000001,19.89999999999999,90.0,50.20000000000002
70.15,19.849999999999994,90.0,50.30000000000001
70.2,19.799999999999997,90.0,50.400000000000006
70.25,19.75,90.0,50.5
70.3,19.700000000000003,90.0,50.599999999999994
70.35000000000001,19.64999999999999,90.0,50.70000000000002
70.4,19.599999999999994,90.0,50.80000000000001
70.45,19.549999999999997,90.0,50.900000000000006
70.5,19.5,90.0,51.0
70.55,19.450000000000003,90.0,51.099999999999994
70.60000000000001,19.39999999999999,90.0,51.20000000000002
70.65,19.349999999999994,90.0,51.30000000000001
70.7,19.299999999999997,90.0,51.400000000000006
70.75,19.25,90.0,51.5
70.8,19.200000000000003,90.0,51.599999999999994
70.85000000000001,19.14999999999999,90.0,51.70000000000002
70.9,19.099999999999994,90.0,51.80000000000001
70.95,19.049999999999997,90.0,51.900000000000006
71.0,19.0,90.0,52.0
71.05,18.950000000000003,90.0,52.099999999999994
71.10000000000001,18.89999999999999,90.0,52.20000000000002
71.15,18.849999999999994,90.0,52.30000000000001
71.2,18.799999999999997,90.0,52.400000000000006
71.25,18.75,90.0,52.5
71.3,18.700000000000003,90.0,52.599999999999994
71.35000000000001,18.64999999999999,90.0,52.70000000000002
71.4,18.599999999999994,90.0,52.80000000000001
71.45,18.549999999999997,90.0,52.900000000000006
71.5,18.5,90.0,53.0
71.55,18.450000000000003,90.0,53.099999999999994
71.60000000000001,18.39999999999999,90.0,53.20000000000002
71.65,18.349999999999994,90.0,53.30000000000001
71.7,18.299999999999997,90.0,53.400000000000006
71.75,18.25,90.0,53.5
71.8,18.200000000000003,90.0,53.599999999999994
71.85000000000001,18.14999999999999,90.0,53.70000000000002
71.9,18.099999999999994,90.0,53.80000000000001
71.95,18.049999999999997,90.0,53.900000000000006
72.0,18.0,90.0,54.0
72.05,17.950000000000003,90.0,54.099999999999994
72.10000000000001,17.89999999999999,90.0,54.20000000000002
72.15,17.849999999999994,90.0,54.30000000000001
72.2,17.799999999999997,90.0,54.400000000000006
72.25,17.75,90.0,54.5
72.3,17.700000000000003,90.0,54.599999999999994
72.35000000000001,17.64999999999999,90.0,54.70000000000002
72.4,17.599999999999994,90.0,54.80000000000001
72.45,17.549999999999997,90.0,54.900000000000006
72.5,17.5,90.0,55.0
72.55,17.450000000000003,90.0,55.099999999999994
72.60000000000001,17.39999999999999,90.0,55.20000000000002
72.65,17.349999999999994,90.0,55.30000000000001
72.7,17.299999999999997,90.0,55.400000000000006
72.75,17.25,90.0,55.5
72.8,17.200000000000003,90.0,55.599999999999994
72.85000000000001,17.14999999999999,90.0,55.70000000000002
72.9,17.099999999999994,90.0,55.80000000000001
72.95,17.049999999999997,90.0,55.900000000000006
73.0,17.0,90.0,56.0
73.05,16.950000000000003,90.0,56.099999999999994
73.10000000000001,16.89999999999999,90.0,56.20000000000002
73.15,16.849999999999994,90.0,56.30000000000001
73.2,16.799999999999997,90.0,56.400000000000006
73.25,16.75,90.0,56.5
73.3,16.700000000000003,90.0,56.599999999999994
73.35000000000001,16.64999999999999,90.0,56.70000000000002
73.4,16.599999999999994,90.0,56.80000000000001
73.45,16.549999999999997,90.0,56.900000000000006
73.5,16.5,90.0,57.0
73.55,16.450000000000003,90.0,57.099999999999994
73.60000000000001,16.39999999999999,90.0,57.20000000000002
73.65,16.349999999999994,90.0,57.30000000000001
73.7,16.299999999999997,90.0,57.400000000000006
73.75,16.25,90.0,57.5
73.8,16.200000000000003,90.0,57.599999999999994
73.85000000000001,16.14999999999999,90.0,57.70000000000002
73.9,16.099999999999994,90.0,57.80000000000001
73.95,16.049999999999997,90.0,57.900000000000006
74.0,16.0,90.0,58.0
74.05,15.950000000000003,90.0,58.099999999999994
74.10000000000001,15.899999999999991,90.0,58.20000000000002
74.15,15.849999999999994,90.0,58.30000000000001
74.2,15.799999999999997,90.0,58.400000000000006
74.25,15.75,90.0,58.5
74.3,15.700000000000003,90.0,58.599999999999994
74.35000000000001,15.649999999999991,90.0,58.70000000000002
74.4,15.599999999999994,90.0,58.80000000000001
74.45,15.549999999999997,90.0,58.900000000000006
74.5,15.5,90.0,59.0
74.55,15.450000000000003,90.0,59.099999999999994
74.60000000000001,15.399999999999991,90.0,59.20000000000002
74.65,15.349999999999994,90.0,59.30000000000001
74.7,15.299999999999997,90.0,59.400000000000006
74.75,15.25,90.0,59.5
74.8,15.200000000000003,90.0,59.599999999999994
74.85000000000001,15.149999999999991,90.0,59.70000000000002
74.9,15.099999999999994,90.0,59.80000000000001
74.95,15.049999999999997,90.0,59.900000000000006
75.0,15.0,90.0,60.0
75.05,14.950000000000003,90.0,60.099999999999994
75.10000000000001,14.899999999999991,90.0,60.20000000000002
75.15,14.849999999999994,90.0,60.30000000000001
75.2,14.799999999999997,90.0,60.400000000000006
75.25,14.75,90.0,60.5
75.3,14.700000000000003,90.0,60.599999999999994
75.35000000000001,14.649999999999991,90.0,60.70000000000002
75.4,14.599999999999994,90.0,60.80000000000001
75.45,14.549999999999997,90.0,60.900000000000006
75.5,14.5,90.0,61.0
75.55,14.450000000000003,90.0,61.099999999999994
75.60000000000001,14.399999999999991,90.0,61.20000000000002
75.65,14.349999999999994,90.0,61.30000000000001
75.7,14.299999999999997,90.0,61.400000000000006
75.75,14.25,90.0,61.5
75.8,14.200000000000003,90.0,61.599999999999994
75.85000000000001,14.149999999999991,90.0,61.70000000000002
75.9,14.099999999999994,90.0,61.80000000000001
75.95,14.049999999999997,90.0,61.900000000000006
76.0,14.0,90.0,62.0
76.05,13.950000000000003,90.0,62.099999999999994
76.10000000000001,13.899999999999991,90.0,62.20000000000002
76.15,13.849999999999994,90.0,62.30000000000001
76.2,13.799999999999997,90.0,62.400000000000006
76.25,13.75,90.0,62.5
76.3,13.700000000000003,90.0,62.599999999999994
76.35000000000001,13.649999999999991,90.0,62.70000000000002
76.4,13.599999999999994,90.0,62.80000000000001
76.45,13.549999999999997,90.0,62.900000000000006
76.5,13.5,90.0,63.0
76.55,13.450000000000003,90.0,63.099999999999994
76.60000000000001,13.399999999999991,90.0,63.20000000000002
76.65,13.349999999999994,90.0,63.30000000000001
76.7,13.299999999999997,90.0,63.400000000000006
76.75,13.25,90.0,63.5
76.80000000000001,13.199999999999989,90.0,63.60000000000002
76.85000000000001,13.149999999999991,90.0,63.70000000000002
76.9,13.099999999999994,90.0,63.80000000000001
76.95,13.049999999999997,90.0,63.900000000000006
77.0,13.0,90.0,64.0
77.05000000000001,12.949999999999989,90.0,64.10000000000002
77.10000000000001,12.899999999999991,90.0,64.20000000000002
77.15,12.849999999999994,90.0,64.30000000000001
77.2,12.799999999999997,90.0,64.4
77.25,12.75,90.0,64.5
77.30000000000001,12.699999999999989,90.0,64.60000000000002
77.35000000000001,12.649999999999991,90.0,64.70000000000002
77.4,12.599999999999994,90.0,64.80000000000001
77.45,12.549999999999997,90.0,64.9
77.5,12.5,90.0,65.0
77.55000000000001,12.449999999999989,90.0,65.10000000000002
77.60000000000001,12.399999999999991,90.0,65.20000000000002
77.65,12.349999999999994,90.0,65.30000000000001
77.7,12.299999999999997,90.0,65.4
77.75,12.25,90.0,65.5
77.80000000000001,12.199999999999989,90.0,65.60000000000002
77.85000000000001,12.149999999999991,90.0,65.70000000000002
77.9,12.099999999999994,90.0,65.80000000000001
77.95,12.049999999999997,90.0,65.9
78.0,12.0,90.0,66.0
78.05000000000001,11.949999999999989,90.0,66.10000000000002
78.10000000000001,11.899999999999991,90.0,66.20000000000002
78.15,11.849999999999994,90.0,66.30000000000001
78.2,11.799999999999997,90.0,66.4
78.25,11.75,90.0,66.5
78.30000000000001,11.699999999999989,90.0,66.60000000000002
78.35000000000001,11.649999999999991,90.0,66.70000000000002
78.4,11.599999999999994,90.0,66.80000000000001
78.45,11.549999999999997,90.0,66.9
78.5,11.5,90.0,67.0
78.55000000000001,11.449999999999989,90.0,67.10000000000002
78.60000000000001,11.399999999999991,90.0,67.20000000000002
78.65,11.349999999999994,90.0,67.30000000000001
78.7,11.299999999999997,90.0,67.4
78.75,11.25,90.0,67.5
78.80000000000001,11.199999999999989,90.0,67.60000000000002
78.85000000000001,11.149999999999991,90.0,67.70000000000002
78.9,11.099999999999994,90.0,67.80000000000001
78.95,11.049999999999997,90.0,67.9
79.0,11.0,90.0,68.0
79.05000000000001,10.949999999999989,90.0,68.10000000000002
79.10000000000001,10.899999999999991,90.0,68.20000000000002
79.15,10.849999999999994,90.0,68.30000000000001
79.2,10.799999999999997,90.0,68.4
79.25,10.75,90.0,68.5
79.30000000000001,10.699999999999989,90.0,68.60000000000002
79.35000000000001,10.649999999999991,90.0,68.70000000000002
79.4,10.599999999999994,90.0,68.80000000000001
79.45,10.549999999999997,90.0,68.9
79.5,10.5,90.0,69.0
79.55000000000001,10.449999999999989,90.0,69.10000000000002
79.60000000000001,10.399999999999991,90.0,69.20000000000002
79.65,10.349999999999994,90.0,69.30000000000001
79.7,10.299999999999997,90.0,69.4
79.75,10.25,90.0,69.5
79.80000000000001,10.199999999999989,90.0,69.60000000000002
79.85000000000001,10.149999999999991,90.0,69.70000000000002
79.9,10.099999999999994,90.0,69.80000000000001
79.95,10.049999999999997,90.0,69.9
80.0,10.0,90.0,70.0
80.05000000000001,9.949999999999989,90.0,70.10000000000002
80.10000000000001,9.899999999999991,90.0,70.20000000000002
80.15,9.849999999999994,90.0,70.30000000000001
80.2,9.799999999999997,90.0,70.4
80.25,9.75,90.0,70.5
80.30000000000001,9.699999999999989,90.0,70.60000000000002
80.35000000000001,9.649999999999991,90.0,70.70000000000002
80.4,9.599999999999994,90.0,70.80000000000001
80.45,9.549999999999997,90.0,70.9
80.5,9.5,90.0,71.0
80.55000000000001,9.449999999999989,90.0,71.10000000000002
80.60000000000001,9.399999999999991,90.0,71.20000000000002
80.65,9.349999999999994,90.0,71.30000000000001
80.7,9.299999999999997,90.0,71.4
80.75,9.25,90.0,71.5
80.80000000000001,9.199999999999989,90.0,71.60000000000002
80.85000000000001,9.149999999999991,90.0,71.70000000000002
80.9,9.099999999999994,90.0,71.80000000000001
80.95,9.049999999999997,90.0,71.9
81.0,9.0,90.0,72.0
81.05000000000001,8.949999999999989,90.0,72.10000000000002
81.10000000000001,8.899999999999991,90.0,72.20000000000002
81.15,8.849999999999994,90.0,72.30000000000001
81.2,8.799999999999997,90.0,72.4
81.25,8.75,90.0,72.5
81.30000000000001,8.699999999999989,90.0,72.60000000000002
81.35000000000001,8.649999999999991,90.0,72.70000000000002
81.4,8.599999999999994,90.0,72.80000000000001
81.45,8.549999999999997,90.0,72.9
81.5,8.5,90.0,73.0
81.55000000000001,8.449999999999989,90.0,73.10000000000002
81.60000000000001,8.399999999999991,90.0,73.20000000000002
81.65,8.349999999999994,90.0,73.30000000000001
81.7,8.299999999999997,90.0,73.4
81.75,8.25,90.0,73.5
81.80000000000001,8.199999999999989,90.0,73.60000000000002
81.85000000000001,8.149999999999991,90.0,73.70000000000002
81.9,8.099999999999994,90.0,73.80000000000001
81.95,8.049999999999997,90.0,73.9
82.0,8.0,90.0,74.0
82.05000000000001,7.949999999999989,90.0,74.10000000000002
82.10000000000001,7.8999999999999915,90.0,74.20000000000002
82.15,7.849999999999994,90.0,74.30000000000001
82.2,7.799999999999997,90.0,74.4
82.25,7.75,90.0,74.5
82.30000000000001,7.699999999999989,90.0,74.60000000000002
82.35000000000001,7.6499999999999915,90.0,74.70000000000002
82.4,7.599999999999994,90.0,74.80000000000001
82.45,7.549999999999997,90.0,74.9
82.5,7.5,90.0,75.0
82.55000000000001,7.449999999999989,90.0,75.10000000000002
82.60000000000001,7.3999999999999915,90.0,75.20000000000002
82.65,7.349999999999994,90.0,75.30000000000001
82.7,7.299999999999997,90.0,75.4
82.75,7.25,90.0,75.5
82.80000000000001,7.199999999999989,90.0,75.60000000000002
82.85000000000001,7.1499999999999915,90.0,75.70000000000002
82.9,7.099999999999994,90.0,75.80000000000001
82.95,7.049999999999997,90.0,75.9
83.0,7.0,90.0,76.0
83.05000000000001,6.949999999999989,90.0,76.10000000000002
83.10000000000001,6.8999999999999915,90.0,76.20000000000002
83.15,6.849999999999994,90.0,76.30000000000001
83.2,6.799999999999997,90.0,76.4
83.25,6.75,90.0,76.5
83.30000000000001,6.699999999999989,90.0,76.60000000000002
83.35000000000001,6.6499999999999915,90.0,76.70000000000002
83.4,6.599999999999994,90.0,76.80000000000001
83.45,6.549999999999997,90.0,76.9
83.5,6.5,90.0,77.0
83.55000000000001,6.449999999999989,90.0,77.10000000000002
83.60000000000001,6.3999999999999915,90.0,77.20000000000002
83.65,6.349999999999994,90.0,77.30000000000001
83.7,6.299999999999997,90.0,77.4
83.75,6.25,90.0,77.5
83.80000000000001,6.199999999999989,90.0,77.60000000000002
83.85000000000001,6.1499999999999915,90.0,77.70000000000002
83.9,6.099999999999994,90.0,77.80000000000001
83.95,6.049999999999997,90.0,77.9
84.0,6.0,90.0,78.0
84.05000000000001,5.949999999999989,90.0,78.10000000000002
84.10000000000001,5.8999999999999915,90.0,78.20000000000002
84.15,5.849999999999994,90.0,78.30000000000001
84.2,5.799999999999997,90.0,78.4
84.25,5.75,90.0,78.5
84.30000000000001,5.699999999999989,90.0,78.60000000000002
84.35000000000001,5.6499999999999915,90.0,78.70000000000002
84.4,5.599999999999994,90.0,78.80000000000001
84.45,5.549999999999997,90.0,78.9
84.5,5.5,90.0,79.0
84.55000000000001,5.449999999999989,90.0,79.10000000000002
84.60000000000001,5.3999999999999915,90.0,79.20000000000002
84.65,5.349999999999994,90.0,79.30000000000001
84.7,5.299999999999997,90.0,79.4
84.75,5.25,90.0,79.5
84.80000000000001,5.199999999999989,90.0,79.60000000000002
84.85000000000001,5.1499999999999915,90.0,79.70000000000002
84.9,5.099999999999994,90.0,79.80000000000001
84.95,5.049999999999997,90.0,79.9
85.0,5.0,90.0,80.0
85.05000000000001,4.949999999999989,90.0,80.10000000000002
85.10000000000001,4.8999999999999915,90.0,80.20000000000002
85.15,4.849999999999994,90.0,80.30000000000001
85.2,4.799999999999997,90.0,80.4
85.25,4.75,90.0,80.5
85.30000000000001,4.699999999999989,90.0,80.60000000000002
85.35000000000001,4.6499999999999915,90.0,80.70000000000002
85.4,4.599999999999994,90.0,80.80000000000001
85.45,4.549999999999997,90.0,80.9
85.5,4.5,90.0,81.0
85.55000000000001,4.449999999999989,90.0,81.10000000000002
85.60000000000001,4.3999999999999915,90.0,81.20000000000002
85.65,4.349999999999994,90.0,81.30000000000001
85.7,4.299999999999997,90.0,81.4
85.75,4.25,90.0,81.5
85.80000000000001,4.199999999999989,90.0,81.60000000000002
85.85000000000001,4.1499999999999915,90.0,81.70000000000002
85.9,4.099999999999994,90.0,81.80000000000001
85.95,4.049999999999997,90.0,81.9
86.0,4.0,90.0,82.0
86.05000000000001,3.9499999999999886,90.0,82.10000000000002
86.10000000000001,3.8999999999999915,90.0,82.20000000000002
86.15,3.8499999999999943,90.0,82.30000000000001
86.2,3.799999999999997,90.0,82.4
86.25,3.75,90.0,82.5
86.30000000000001,3.6999999999999886,90.0,82.60000000000002
86.35000000000001,3.6499999999999915,90.0,82.70000000000002
86.4,3.5999999999999943,90.0,82.80000000000001
86.45,3.549999999999997,90.0,82.9
86.5,3.5,90.0,83.0
86.55000000000001,3.4499999999999886,90.0,83.10000000000002
86.60000000000001,3.3999999999999915,90.0,83.20000000000002
86.65,3.3499999999999943,90.0,83.30000000000001
86.7,3.299999999999997,90.0,83.4
86.75,3.25,90.0,83.5
86.80000000000001,3.1999999999999886,90.0,83.60000000000002
86.85000000000001,3.1499999999999915,90.0,83.70000000000002
86.9,3.0999999999999943,90.0,83.80000000000001
86.95,3.049999999999997,90.0,83.9
87.0,3.0,90.0,84.0
87.05000000000001,2.9499999999999886,90.0,84.10000000000002
87.10000000000001,2.8999999999999915,90.0,84.20000000000002
87.15,2.8499999999999943,90.0,84.30000000000001
87.2,2.799999999999997,90.0,84.4
87.25,2.75,90.0,84.5
87.30000000000001,2.6999999999999886,90.0,84.60000000000002
87.35000000000001,2.6499999999999915,90.0,84.70000000000002
87.4,2.5999999999999943,90.0,84.80000000000001
87.45,2.549999999999997,90.0,84.9
87.5,2.5,90.0,85.0
87.55000000000001,2.4499999999999886,90.0,85.10000000000002
87.60000000000001,2.3999999999999915,90.0,85.20000000000002
87.65,2.3499999999999943,90.0,85.30000000000001
87.7,2.299999999999997,90.0,85.4
87.75,2.25,90.0,85.5
87.80000000000001,2.1999999999999886,90.0,85.60000000000002
87.85000000000001,2.1499999999999915,90.0,85.70000000000002
87.9,2.0999999999999943,90.0,85.80000000000001
87.95,2.049999999999997,90.0,85.9
88.0,2.0,90.0,86.0
88.05000000000001,1.9499999999999886,90.0,86.10000000000002
88.10000000000001,1.8999999999999915,90.0,86.20000000000002
88.15,1.8499999999999943,90.0,86.30000000000001
88.2,1.7999999999999972,90.0,86.4
88.25,1.75,90.0,86.5
88.30000000000001,1.6999999999999886,90.0,86.60000000000002
88.35000000000001,1.6499999999999915,90.0,86.70000000000002
88.4,1.5999999999999943,90.0,86.80000000000001
88.45,1.5499999999999972,90.0,86.9
88.5,1.5,90.0,87.0
88.55000000000001,1.4499999999999886,90.0,87.10000000000002
88.60000000000001,1.3999999999999915,90.0,87.20000000000002
88.65,1.3499999999999943,90.0,87.30000000000001
88.7,1.2999999999999972,90.0,87.4
88.75,1.25,90.0,87.5
88.80000000000001,1.1999999999999886,90.0,87.60000000000002
88.85000000000001,1.1499999999999915,90.0,87.70000000000002
88.9,1.0999999999999943,90.0,87.80000000000001
88.95,1.0499999999999972,90.0,87.9
89.0,1.0,90.0,88.0
89.05000000000001,0.9499999999999886,90.0,88.10000000000002
89.10000000000001,0.8999999999999915,90.0,88.20000000000002
89.15,0.8499999999999943,90.0,88.30000000000001
89.2,0.7999999999999972,90.0,88.4
89.25,0.75,90.0,88.5
89.30000000000001,0.6999999999999886,90.0,88.60000000000002
89.35000000000001,0.6499999999999915,90.0,88.70000000000002
89.4,0.5999999999999943,90.0,88.80000000000001
89.45,0.5499999999999972,90.0,88.9
89.5,0.5,90.0,89.0
89.55000000000001,0.44999999999998863,90.0,89.10000000000002
89.60000000000001,0.3999999999999915,90.0,89.20000000000002
89.65,0.3499999999999943,90.0,89.30000000000001
89.7,0.29999999999999716,90.0,89.4
89.75,0.25,90.0,89.5
89.80000000000001,0.19999999999998863,90.0,89.60000000000002
89.85000000000001,0.14999999999999147,90.0,89.70000000000002
89.9,0.09999999999999432,90.0,89.80000000000001
89.95,0.04999999999999716,90.0,89.9
90.0,0.0,90.0,90.0
